L'année,Nom du site,Province,Latitude,Longitude,Nom de la rivière,Zone de pêche,ONGC,Température moyenne de l'eau sur le rivage,Nom commun en anglais,Nom commun en français,Nom scientifique,ITIS TSN,Spécimens mesurés,Longueur moyenne (mm),Type de longueur
2021,B01,New Brunswick,46.358188,-64.900549,Buctouche,SFA16B,,13.700,Atlantic salmon,saumon atlantique,Salmo salar,161996,42,66.048,fork
2021,B01,New Brunswick,46.358188,-64.900549,Buctouche,SFA16B,,13.700,Blacknose dace,naseux noir,Rhinichthys atratulus,163382,51,41.931,fork
2021,B01,New Brunswick,46.358188,-64.900549,Buctouche,SFA16B,,13.700,Common shiner,méné à nageoires rouges,Notropis cornutus,163836,1,26.000,fork
2021,B01,New Brunswick,46.358188,-64.900549,Buctouche,SFA16B,,13.700,Lake chub,méné de lac,Couesius plumbeus,163535,1,23.000,fork
2021,B01,New Brunswick,46.358188,-64.900549,Buctouche,SFA16B,,13.700,White sucker,meunier noir,Catostomus commersoni,553273,10,67.600,fork
2021,B02,New Brunswick,46.371027,-64.943285,Buctouche,SFA16B,,16.500,American eel,anguille d'Amérique,Anguilla rostrata,161127,1,,total
2021,B02,New Brunswick,46.371027,-64.943285,Buctouche,SFA16B,,16.500,Atlantic salmon,saumon atlantique,Salmo salar,161996,18,63.056,fork
2021,B02,New Brunswick,46.371027,-64.943285,Buctouche,SFA16B,,16.500,Blacknose dace,naseux noir,Rhinichthys atratulus,163382,43,46.067,fork
2021,B02,New Brunswick,46.371027,-64.943285,Buctouche,SFA16B,,16.500,Common shiner,méné à nageoires rouges,Notropis cornutus,163836,3,41.667,fork
2021,B02,New Brunswick,46.371027,-64.943285,Buctouche,SFA16B,,16.500,Lake chub,méné de lac,Couesius plumbeus,163535,1,27.000,fork
2021,B02,New Brunswick,46.371027,-64.943285,Buctouche,SFA16B,,16.500,Slimy sculpin,chabot visqueux,Cottus cognatus,167232,2,77.500,fork
2021,B02,New Brunswick,46.371027,-64.943285,Buctouche,SFA16B,,16.500,White sucker,meunier noir,Catostomus commersoni,553273,5,52.800,fork
2021,B03,New Brunswick,46.316867,-64.897583,South branch Buctouche river,SFA16B,,14.700,Atlantic salmon,saumon atlantique,Salmo salar,161996,54,62.500,fork
2021,B03,New Brunswick,46.316867,-64.897583,South branch Buctouche river,SFA16B,,14.700,Blacknose dace,naseux noir,Rhinichthys atratulus,163382,40,48.900,fork
2021,B03,New Brunswick,46.316867,-64.897583,South branch Buctouche river,SFA16B,,14.700,Common shiner,méné à nageoires rouges,Notropis cornutus,163836,3,39.667,fork
2021,B03,New Brunswick,46.316867,-64.897583,South branch Buctouche river,SFA16B,,14.700,Lake chub,méné de lac,Couesius plumbeus,163535,6,37.167,fork
2021,B03,New Brunswick,46.316867,-64.897583,South branch Buctouche river,SFA16B,,14.700,Sea Lamprey,lamproie marine,Petromyzon marinus,159722,1,117.000,fork
2021,B03,New Brunswick,46.316867,-64.897583,South branch Buctouche river,SFA16B,,14.700,three-spined stickleback,épinoche à trois épines,Gasterosteus aculeatus,166365,2,32.500,fork
2021,B05,New Brunswick,46.282950,-65.063850,Upper north branch Buctouche river,SFA16B,,16.300,Blacknose dace,naseux noir,Rhinichthys atratulus,163382,6,58.333,fork
2021,B05,New Brunswick,46.282950,-65.063850,Upper north branch Buctouche river,SFA16B,,16.300,Lake chub,méné de lac,Couesius plumbeus,163535,9,54.556,fork
2021,B05,New Brunswick,46.282950,-65.063850,Upper north branch Buctouche river,SFA16B,,16.300,three-spined stickleback,épinoche à trois épines,Gasterosteus aculeatus,166365,1,43.000,fork
2021,B05,New Brunswick,46.282950,-65.063850,Upper north branch Buctouche river,SFA16B,,16.300,White sucker,meunier noir,Catostomus commersoni,553273,1,87.000,fork
2021,B06,New Brunswick,46.349745,-64.979804,Buctouche,SFA16B,,13.800,American eel,anguille d'Amérique,Anguilla rostrata,161127,1,,total
2021,B06,New Brunswick,46.349745,-64.979804,Buctouche,SFA16B,,13.800,Atlantic salmon,saumon atlantique,Salmo salar,161996,27,59.370,fork
2021,B06,New Brunswick,46.349745,-64.979804,Buctouche,SFA16B,,13.800,Blacknose dace,naseux noir,Rhinichthys atratulus,163382,30,48.433,fork
2021,B06,New Brunswick,46.349745,-64.979804,Buctouche,SFA16B,,13.800,Common shiner,méné à nageoires rouges,Notropis cornutus,163836,1,34.000,fork
2021,B06,New Brunswick,46.349745,-64.979804,Buctouche,SFA16B,,13.800,Lake chub,méné de lac,Couesius plumbeus,163535,5,45.600,fork
2021,B06,New Brunswick,46.349745,-64.979804,Buctouche,SFA16B,,13.800,Sea Lamprey,lamproie marine,Petromyzon marinus,159722,1,131.000,fork
2021,B06,New Brunswick,46.349745,-64.979804,Buctouche,SFA16B,,13.800,White sucker,meunier noir,Catostomus commersoni,553273,1,53.000,fork
2021,B07,New Brunswick,46.369765,-64.879405,Buctouche,SFA16B,,18.800,Atlantic salmon,saumon atlantique,Salmo salar,161996,48,67.521,fork
2021,B07,New Brunswick,46.369765,-64.879405,Buctouche,SFA16B,,18.800,Blacknose dace,naseux noir,Rhinichthys atratulus,163382,7,41.143,fork
2021,B07,New Brunswick,46.369765,-64.879405,Buctouche,SFA16B,,18.800,Lake chub,méné de lac,Couesius plumbeus,163535,19,38.474,fork
2021,B07,New Brunswick,46.369765,-64.879405,Buctouche,SFA16B,,18.800,Slimy sculpin,chabot visqueux,Cottus cognatus,167232,3,55.667,fork
2021,B07,New Brunswick,46.369765,-64.879405,Buctouche,SFA16B,,18.800,White sucker,meunier noir,Catostomus commersoni,553273,3,84.333,fork
2021,B08,New Brunswick,46.356967,-64.897872,South branch Buctouche river,SFA16B,,16.600,Atlantic salmon,saumon atlantique,Salmo salar,161996,12,66.167,fork
2021,B08,New Brunswick,46.356967,-64.897872,South branch Buctouche river,SFA16B,,16.600,Blacknose dace,naseux noir,Rhinichthys atratulus,163382,92,51.367,fork
2021,B08,New Brunswick,46.356967,-64.897872,South branch Buctouche river,SFA16B,,16.600,Common shiner,méné à nageoires rouges,Notropis cornutus,163836,1,32.000,fork
2021,B08,New Brunswick,46.356967,-64.897872,South branch Buctouche river,SFA16B,,16.600,Lake chub,méné de lac,Couesius plumbeus,163535,6,53.667,fork
2021,B08,New Brunswick,46.356967,-64.897872,South branch Buctouche river,SFA16B,,16.600,Slimy sculpin,chabot visqueux,Cottus cognatus,167232,3,74.667,fork
2021,B08,New Brunswick,46.356967,-64.897872,South branch Buctouche river,SFA16B,,16.600,three-spined stickleback,épinoche à trois épines,Gasterosteus aculeatus,166365,3,38.000,fork
2021,B08,New Brunswick,46.356967,-64.897872,South branch Buctouche river,SFA16B,,16.600,White sucker,meunier noir,Catostomus commersoni,553273,2,58.000,fork
2021,B17,New Brunswick,46.318539,-65.010282,Buctouche,SFA16B,,17.100,Atlantic salmon,saumon atlantique,Salmo salar,161996,19,69.789,fork
2021,B17,New Brunswick,46.318539,-65.010282,Buctouche,SFA16B,,17.100,Blacknose dace,naseux noir,Rhinichthys atratulus,163382,99,49.567,fork
2021,B17,New Brunswick,46.318539,-65.010282,Buctouche,SFA16B,,17.100,Common shiner,méné à nageoires rouges,Notropis cornutus,163836,5,46.600,fork
2021,B17,New Brunswick,46.318539,-65.010282,Buctouche,SFA16B,,17.100,Lake chub,méné de lac,Couesius plumbeus,163535,4,68.750,fork
2021,B17,New Brunswick,46.318539,-65.010282,Buctouche,SFA16B,,17.100,three-spined stickleback,épinoche à trois épines,Gasterosteus aculeatus,166365,3,34.667,fork
2021,C01,New Brunswick,46.269129,-64.796339,Cocagne river,SFA16B,,14.600,Atlantic salmon,saumon atlantique,Salmo salar,161996,42,67.690,fork
2021,C01,New Brunswick,46.269129,-64.796339,Cocagne river,SFA16B,,14.600,Blacknose dace,naseux noir,Rhinichthys atratulus,163382,31,46.355,fork
2021,C01,New Brunswick,46.269129,-64.796339,Cocagne river,SFA16B,,14.600,Brook trout,omble de fontaine,Salvelinus fontinalis,162003,1,167.000,fork
2021,C01,New Brunswick,46.269129,-64.796339,Cocagne river,SFA16B,,14.600,Lake chub,méné de lac,Couesius plumbeus,163535,7,49.714,fork
2021,C01,New Brunswick,46.269129,-64.796339,Cocagne river,SFA16B,,14.600,three-spined stickleback,épinoche à trois épines,Gasterosteus aculeatus,166365,1,37.000,fork
2021,C01,New Brunswick,46.269129,-64.796339,Cocagne river,SFA16B,,14.600,White sucker,meunier noir,Catostomus commersoni,553273,1,84.000,fork
2021,C02,New Brunswick,46.239242,-64.886561,Cocagne river,SFA16B,,14.500,Atlantic salmon,saumon atlantique,Salmo salar,161996,23,67.739,fork
2021,C02,New Brunswick,46.239242,-64.886561,Cocagne river,SFA16B,,14.500,Blacknose dace,naseux noir,Rhinichthys atratulus,163382,41,49.400,fork
2021,C02,New Brunswick,46.239242,-64.886561,Cocagne river,SFA16B,,14.500,Common shiner,méné à nageoires rouges,Notropis cornutus,163836,8,54.000,fork
2021,C02,New Brunswick,46.239242,-64.886561,Cocagne river,SFA16B,,14.500,White sucker,meunier noir,Catostomus commersoni,553273,2,149.500,fork
2021,C03,New Brunswick,46.311541,-64.799972,Northwest branch Cocagne river,SFA16B,,13.600,Atlantic salmon,saumon atlantique,Salmo salar,161996,4,90.750,fork
2021,C03,New Brunswick,46.311541,-64.799972,Northwest branch Cocagne river,SFA16B,,13.600,Blacknose dace,naseux noir,Rhinichthys atratulus,163382,31,46.161,fork
2021,C03,New Brunswick,46.311541,-64.799972,Northwest branch Cocagne river,SFA16B,,13.600,Lake chub,méné de lac,Couesius plumbeus,163535,11,62.091,fork
2021,C03,New Brunswick,46.311541,-64.799972,Northwest branch Cocagne river,SFA16B,,13.600,White sucker,meunier noir,Catostomus commersoni,553273,6,80.500,fork
2021,C06,New Brunswick,46.309482,-64.744270,Cocagne river,SFA16B,,11.800,Atlantic salmon,saumon atlantique,Salmo salar,161996,35,62.514,fork
2021,C06,New Brunswick,46.309482,-64.744270,Cocagne river,SFA16B,,11.800,Blacknose dace,naseux noir,Rhinichthys atratulus,163382,22,44.636,fork
2021,C06,New Brunswick,46.309482,-64.744270,Cocagne river,SFA16B,,11.800,Brook trout,omble de fontaine,Salvelinus fontinalis,162003,1,130.000,fork
2021,C06,New Brunswick,46.309482,-64.744270,Cocagne river,SFA16B,,11.800,Common shiner,méné à nageoires rouges,Notropis cornutus,163836,22,32.409,fork
2021,C06,New Brunswick,46.309482,-64.744270,Cocagne river,SFA16B,,11.800,Lake chub,méné de lac,Couesius plumbeus,163535,14,62.357,fork
2021,C07,New Brunswick,46.256333,-64.848854,Cocagne river,SFA16B,,14.600,Atlantic salmon,saumon atlantique,Salmo salar,161996,16,61.000,fork
2021,C07,New Brunswick,46.256333,-64.848854,Cocagne river,SFA16B,,14.600,Blacknose dace,naseux noir,Rhinichthys atratulus,163382,58,46.667,fork
2021,C07,New Brunswick,46.256333,-64.848854,Cocagne river,SFA16B,,14.600,Common shiner,méné à nageoires rouges,Notropis cornutus,163836,16,58.688,fork
2021,C07,New Brunswick,46.256333,-64.848854,Cocagne river,SFA16B,,14.600,White sucker,meunier noir,Catostomus commersoni,553273,4,95.250,fork
2021,CB02,New Brunswick,46.442750,-65.064391,Coal Branch river,SFA16B,,15.600,Atlantic salmon,saumon atlantique,Salmo salar,161996,17,86.706,fork
2021,CB02,New Brunswick,46.442750,-65.064391,Coal Branch river,SFA16B,,15.600,Blacknose dace,naseux noir,Rhinichthys atratulus,163382,25,41.720,fork
2021,CB02,New Brunswick,46.442750,-65.064391,Coal Branch river,SFA16B,,15.600,Common shiner,méné à nageoires rouges,Notropis cornutus,163836,3,49.000,fork
2021,CB02,New Brunswick,46.442750,-65.064391,Coal Branch river,SFA16B,,15.600,Lake chub,méné de lac,Couesius plumbeus,163535,2,70.000,fork
2021,CB03,New Brunswick,46.417167,-65.071600,Coal Branch river,SFA16B,,13.300,Atlantic salmon,saumon atlantique,Salmo salar,161996,3,90.000,fork
2021,CB03,New Brunswick,46.417167,-65.071600,Coal Branch river,SFA16B,,13.300,Blacknose dace,naseux noir,Rhinichthys atratulus,163382,41,42.512,fork
2021,CB03,New Brunswick,46.417167,-65.071600,Coal Branch river,SFA16B,,13.300,Common shiner,méné à nageoires rouges,Notropis cornutus,163836,3,60.333,fork
2021,CB03,New Brunswick,46.417167,-65.071600,Coal Branch river,SFA16B,,13.300,Lake chub,méné de lac,Couesius plumbeus,163535,2,32.000,fork
2021,CB03,New Brunswick,46.417167,-65.071600,Coal Branch river,SFA16B,,13.300,White sucker,meunier noir,Catostomus commersoni,553273,1,41.000,fork
2021,CB05,New Brunswick,46.358485,-65.146549,Coal Branch river,SFA16B,,9.830,Atlantic salmon,saumon atlantique,Salmo salar,161996,18,94.333,fork
2021,CB05,New Brunswick,46.358485,-65.146549,Coal Branch river,SFA16B,,9.830,Blacknose dace,naseux noir,Rhinichthys atratulus,163382,41,51.333,fork
2021,CB05,New Brunswick,46.358485,-65.146549,Coal Branch river,SFA16B,,9.830,Lake chub,méné de lac,Couesius plumbeus,163535,6,48.500,fork
2021,CB05,New Brunswick,46.358485,-65.146549,Coal Branch river,SFA16B,,9.830,Sea Lamprey,lamproie marine,Petromyzon marinus,159722,1,137.000,fork
2021,CB05,New Brunswick,46.358485,-65.146549,Coal Branch river,SFA16B,,9.830,Slimy sculpin,chabot visqueux,Cottus cognatus,167232,1,98.000,fork
2021,CB05,New Brunswick,46.358485,-65.146549,Coal Branch river,SFA16B,,9.830,White sucker,meunier noir,Catostomus commersoni,553273,9,66.111,fork
2021,K01,New Brunswick,46.743816,-65.202929,Kouchibouguac,SFA16B,,9.300,Atlantic salmon,saumon atlantique,Salmo salar,161996,143,79.564,fork
2021,K01,New Brunswick,46.743816,-65.202929,Kouchibouguac,SFA16B,,9.300,Blacknose dace,naseux noir,Rhinichthys atratulus,163382,4,47.500,fork
2021,K01,New Brunswick,46.743816,-65.202929,Kouchibouguac,SFA16B,,9.300,Brook trout,omble de fontaine,Salvelinus fontinalis,162003,2,78.000,fork
2021,K01,New Brunswick,46.743816,-65.202929,Kouchibouguac,SFA16B,,9.300,Slimy sculpin,chabot visqueux,Cottus cognatus,167232,1,32.000,fork
2021,K01,New Brunswick,46.743816,-65.202929,Kouchibouguac,SFA16B,,9.300,White sucker,meunier noir,Catostomus commersoni,553273,1,112.000,fork
2021,K02,New Brunswick,46.696785,-65.315463,Kouchibouguac,SFA16B,,12.300,Atlantic salmon,saumon atlantique,Salmo salar,161996,71,70.500,fork
2021,K02,New Brunswick,46.696785,-65.315463,Kouchibouguac,SFA16B,,12.300,Blacknose dace,naseux noir,Rhinichthys atratulus,163382,24,58.458,fork
2021,K02,New Brunswick,46.696785,-65.315463,Kouchibouguac,SFA16B,,12.300,White sucker,meunier noir,Catostomus commersoni,553273,1,103.000,fork
2021,K03,New Brunswick,46.785467,-65.111433,Kouchibouguac,SFA16B,,10.100,Atlantic salmon,saumon atlantique,Salmo salar,161996,37,77.351,fork
2021,K03,New Brunswick,46.785467,-65.111433,Kouchibouguac,SFA16B,,10.100,Blacknose dace,naseux noir,Rhinichthys atratulus,163382,11,52.364,fork
2021,K03,New Brunswick,46.785467,-65.111433,Kouchibouguac,SFA16B,,10.100,Slimy sculpin,chabot visqueux,Cottus cognatus,167232,1,90.000,fork
2021,K03,New Brunswick,46.785467,-65.111433,Kouchibouguac,SFA16B,,10.100,White sucker,meunier noir,Catostomus commersoni,553273,1,133.000,fork
2021,K05,New Brunswick,46.676643,-65.380516,Kouchibouguac,SFA16B,,12.800,Atlantic salmon,saumon atlantique,Salmo salar,161996,51,65.333,fork
2021,K05,New Brunswick,46.676643,-65.380516,Kouchibouguac,SFA16B,,12.800,Blacknose dace,naseux noir,Rhinichthys atratulus,163382,11,54.455,fork
2021,K17,New Brunswick,46.756214,-65.148220,Kouchibouguac,SFA16B,,10.700,Atlantic salmon,saumon atlantique,Salmo salar,161996,77,66.350,fork
2021,K17,New Brunswick,46.756214,-65.148220,Kouchibouguac,SFA16B,,10.700,Blacknose dace,naseux noir,Rhinichthys atratulus,163382,5,46.400,fork
2021,K17,New Brunswick,46.756214,-65.148220,Kouchibouguac,SFA16B,,10.700,Slimy sculpin,chabot visqueux,Cottus cognatus,167232,5,75.000,fork
2021,KS01,New Brunswick,46.672057,-65.138056,Kouchibouguacis,SFA16B,,14.300,Atlantic salmon,saumon atlantique,Salmo salar,161996,20,59.650,fork
2021,KS01,New Brunswick,46.672057,-65.138056,Kouchibouguacis,SFA16B,,14.300,Blacknose dace,naseux noir,Rhinichthys atratulus,163382,36,44.300,fork
2021,KS02,New Brunswick,46.598354,-65.341174,Kouchibouguacis,SFA16B,,12.700,Atlantic salmon,saumon atlantique,Salmo salar,161996,14,54.643,fork
2021,KS02,New Brunswick,46.598354,-65.341174,Kouchibouguacis,SFA16B,,12.700,Blacknose dace,naseux noir,Rhinichthys atratulus,163382,32,45.100,fork
2021,KS02,New Brunswick,46.598354,-65.341174,Kouchibouguacis,SFA16B,,12.700,Common shiner,méné à nageoires rouges,Notropis cornutus,163836,2,46.000,fork
2021,KS02,New Brunswick,46.598354,-65.341174,Kouchibouguacis,SFA16B,,12.700,Lake chub,méné de lac,Couesius plumbeus,163535,1,34.000,fork
2021,KS02,New Brunswick,46.598354,-65.341174,Kouchibouguacis,SFA16B,,12.700,nine-spined stickleback,épinoche à neuf épines,Pungitius pungitius,166387,2,45.000,fork
2021,KS02,New Brunswick,46.598354,-65.341174,Kouchibouguacis,SFA16B,,12.700,three-spined stickleback,épinoche à trois épines,Gasterosteus aculeatus,166365,1,32.000,fork
2021,KS03,New Brunswick,46.647444,-65.252278,Kouchibouguacis,SFA16B,,10.300,Atlantic salmon,saumon atlantique,Salmo salar,161996,2,66.500,fork
2021,KS03,New Brunswick,46.647444,-65.252278,Kouchibouguacis,SFA16B,,10.300,Blacknose dace,naseux noir,Rhinichthys atratulus,163382,37,51.833,fork
2021,KS03,New Brunswick,46.647444,-65.252278,Kouchibouguacis,SFA16B,,10.300,Common shiner,méné à nageoires rouges,Notropis cornutus,163836,1,44.000,fork
2021,KS03,New Brunswick,46.647444,-65.252278,Kouchibouguacis,SFA16B,,10.300,White sucker,meunier noir,Catostomus commersoni,553273,6,84.000,fork
2021,R01,New Brunswick,46.510096,-65.162890,Richibucto,SFA16B,,15.600,Atlantic salmon,saumon atlantique,Salmo salar,161996,34,69.059,fork
2021,R01,New Brunswick,46.510096,-65.162890,Richibucto,SFA16B,,15.600,Blacknose dace,naseux noir,Rhinichthys atratulus,163382,6,50.333,fork
2021,R01,New Brunswick,46.510096,-65.162890,Richibucto,SFA16B,,15.600,Lake chub,méné de lac,Couesius plumbeus,163535,2,42.500,fork
2021,R01,New Brunswick,46.510096,-65.162890,Richibucto,SFA16B,,15.600,White sucker,meunier noir,Catostomus commersoni,553273,1,86.000,fork
2021,R02,New Brunswick,46.491953,-65.262097,Richibucto,SFA16B,,14.000,Atlantic salmon,saumon atlantique,Salmo salar,161996,96,66.803,fork
2021,R02,New Brunswick,46.491953,-65.262097,Richibucto,SFA16B,,14.000,Blacknose dace,naseux noir,Rhinichthys atratulus,163382,5,56.000,fork
2021,R02,New Brunswick,46.491953,-65.262097,Richibucto,SFA16B,,14.000,Lake chub,méné de lac,Couesius plumbeus,163535,2,54.000,fork
2022,B01,New Brunswick,46.358188,-64.900549,Buctouche,SFA16B,,6.700,Atlantic salmon,saumon atlantique,Salmo salar,161996,37,91.432,fork
2022,B01,New Brunswick,46.358188,-64.900549,Buctouche,SFA16B,,6.700,Blacknose dace,naseux noir,Rhinichthys atratulus,163382,17,41.176,fork
2022,B01,New Brunswick,46.358188,-64.900549,Buctouche,SFA16B,,6.700,Slimy sculpin,chabot visqueux,Cottus cognatus,167232,1,76.000,fork
2022,B01,New Brunswick,46.358188,-64.900549,Buctouche,SFA16B,,6.700,White sucker,meunier noir,Catostomus commersoni,553273,3,70.000,fork
2022,B02,New Brunswick,46.371027,-64.943285,Buctouche,SFA16B,,6.200,Atlantic salmon,saumon atlantique,Salmo salar,161996,19,90.579,fork
2022,B02,New Brunswick,46.371027,-64.943285,Buctouche,SFA16B,,6.200,Blacknose dace,naseux noir,Rhinichthys atratulus,163382,41,44.367,fork
2022,B02,New Brunswick,46.371027,-64.943285,Buctouche,SFA16B,,6.200,Lake chub,méné de lac,Couesius plumbeus,163535,1,65.000,fork
2022,B02,New Brunswick,46.371027,-64.943285,Buctouche,SFA16B,,6.200,Slimy sculpin,chabot visqueux,Cottus cognatus,167232,6,74.333,fork
2022,B02,New Brunswick,46.371027,-64.943285,Buctouche,SFA16B,,6.200,White sucker,meunier noir,Catostomus commersoni,553273,3,143.667,fork
2022,B03,New Brunswick,46.316867,-64.897583,South branch Buctouche river,SFA16B,,14.100,Atlantic salmon,saumon atlantique,Salmo salar,161996,52,67.481,fork
2022,B03,New Brunswick,46.316867,-64.897583,South branch Buctouche river,SFA16B,,14.100,Blacknose dace,naseux noir,Rhinichthys atratulus,163382,10,42.700,fork
2022,B03,New Brunswick,46.316867,-64.897583,South branch Buctouche river,SFA16B,,14.100,Common shiner,méné à nageoires rouges,Notropis cornutus,163836,3,32.000,fork
2022,B03,New Brunswick,46.316867,-64.897583,South branch Buctouche river,SFA16B,,14.100,Lake chub,méné de lac,Couesius plumbeus,163535,5,44.800,fork
2022,B03,New Brunswick,46.316867,-64.897583,South branch Buctouche river,SFA16B,,14.100,Slimy sculpin,chabot visqueux,Cottus cognatus,167232,5,58.600,fork
2022,B03,New Brunswick,46.316867,-64.897583,South branch Buctouche river,SFA16B,,14.100,three-spined stickleback,épinoche à trois épines,Gasterosteus aculeatus,166365,2,36.500,fork
2022,B05,New Brunswick,46.282950,-65.063850,Upper north branch Buctouche river,SFA16B,,13.300,Blacknose dace,naseux noir,Rhinichthys atratulus,163382,14,47.500,fork
2022,B05,New Brunswick,46.282950,-65.063850,Upper north branch Buctouche river,SFA16B,,13.300,Lake chub,méné de lac,Couesius plumbeus,163535,19,57.421,fork
2022,B05,New Brunswick,46.282950,-65.063850,Upper north branch Buctouche river,SFA16B,,13.300,White sucker,meunier noir,Catostomus commersoni,553273,3,52.000,fork
2022,B06,New Brunswick,46.349745,-64.979804,Buctouche,SFA16B,,11.500,Atlantic salmon,saumon atlantique,Salmo salar,161996,7,85.429,fork
2022,B06,New Brunswick,46.349745,-64.979804,Buctouche,SFA16B,,11.500,Blacknose dace,naseux noir,Rhinichthys atratulus,163382,31,41.419,fork
2022,B06,New Brunswick,46.349745,-64.979804,Buctouche,SFA16B,,11.500,Common shiner,méné à nageoires rouges,Notropis cornutus,163836,4,30.000,fork
2022,B06,New Brunswick,46.349745,-64.979804,Buctouche,SFA16B,,11.500,Lake chub,méné de lac,Couesius plumbeus,163535,4,42.000,fork
2022,B07,New Brunswick,46.369765,-64.879405,Buctouche,SFA16B,,8.400,American eel,anguille d'Amérique,Anguilla rostrata,161127,1,,total
2022,B07,New Brunswick,46.369765,-64.879405,Buctouche,SFA16B,,8.400,Atlantic salmon,saumon atlantique,Salmo salar,161996,32,81.813,fork
2022,B07,New Brunswick,46.369765,-64.879405,Buctouche,SFA16B,,8.400,Blacknose dace,naseux noir,Rhinichthys atratulus,163382,10,40.100,fork
2022,B07,New Brunswick,46.369765,-64.879405,Buctouche,SFA16B,,8.400,Lake chub,méné de lac,Couesius plumbeus,163535,9,52.667,fork
2022,B07,New Brunswick,46.369765,-64.879405,Buctouche,SFA16B,,8.400,Slimy sculpin,chabot visqueux,Cottus cognatus,167232,7,51.429,fork
2022,B07,New Brunswick,46.369765,-64.879405,Buctouche,SFA16B,,8.400,White sucker,meunier noir,Catostomus commersoni,553273,9,53.222,fork
2022,B08,New Brunswick,46.356967,-64.897872,South branch Buctouche river,SFA16B,,6.000,Atlantic salmon,saumon atlantique,Salmo salar,161996,14,90.500,fork
2022,B08,New Brunswick,46.356967,-64.897872,South branch Buctouche river,SFA16B,,6.000,Blacknose dace,naseux noir,Rhinichthys atratulus,163382,34,45.800,fork
2022,B08,New Brunswick,46.356967,-64.897872,South branch Buctouche river,SFA16B,,6.000,Common shiner,méné à nageoires rouges,Notropis cornutus,163836,5,31.000,fork
2022,B08,New Brunswick,46.356967,-64.897872,South branch Buctouche river,SFA16B,,6.000,Lake chub,méné de lac,Couesius plumbeus,163535,4,37.500,fork
2022,B08,New Brunswick,46.356967,-64.897872,South branch Buctouche river,SFA16B,,6.000,Slimy sculpin,chabot visqueux,Cottus cognatus,167232,2,67.000,fork
2022,B08,New Brunswick,46.356967,-64.897872,South branch Buctouche river,SFA16B,,6.000,White sucker,meunier noir,Catostomus commersoni,553273,5,51.400,fork
2022,B17,New Brunswick,46.318539,-65.010282,Buctouche,SFA16B,,13.600,American eel,anguille d'Amérique,Anguilla rostrata,161127,1,49.000,total
2022,B17,New Brunswick,46.318539,-65.010282,Buctouche,SFA16B,,13.600,Atlantic salmon,saumon atlantique,Salmo salar,161996,20,92.450,fork
2022,B17,New Brunswick,46.318539,-65.010282,Buctouche,SFA16B,,13.600,Blacknose dace,naseux noir,Rhinichthys atratulus,163382,26,,fork
2022,B17,New Brunswick,46.318539,-65.010282,Buctouche,SFA16B,,13.600,Lake chub,méné de lac,Couesius plumbeus,163535,1,55.000,fork
2022,B17,New Brunswick,46.318539,-65.010282,Buctouche,SFA16B,,13.600,Slimy sculpin,chabot visqueux,Cottus cognatus,167232,1,,fork
2022,B17,New Brunswick,46.318539,-65.010282,Buctouche,SFA16B,,13.600,three-spined stickleback,épinoche à trois épines,Gasterosteus aculeatus,166365,4,39.500,fork
2022,C01,New Brunswick,46.269129,-64.796339,Cocagne river,SFA16B,,12.000,Atlantic salmon,saumon atlantique,Salmo salar,161996,46,73.109,fork
2022,C01,New Brunswick,46.269129,-64.796339,Cocagne river,SFA16B,,12.000,Blacknose dace,naseux noir,Rhinichthys atratulus,163382,46,49.500,fork
2022,C01,New Brunswick,46.269129,-64.796339,Cocagne river,SFA16B,,12.000,Brook trout,omble de fontaine,Salvelinus fontinalis,162003,1,254.000,fork
2022,C01,New Brunswick,46.269129,-64.796339,Cocagne river,SFA16B,,12.000,Lake chub,méné de lac,Couesius plumbeus,163535,7,73.857,fork
2022,C01,New Brunswick,46.269129,-64.796339,Cocagne river,SFA16B,,12.000,three-spined stickleback,épinoche à trois épines,Gasterosteus aculeatus,166365,1,42.000,fork
2022,C01,New Brunswick,46.269129,-64.796339,Cocagne river,SFA16B,,12.000,White sucker,meunier noir,Catostomus commersoni,553273,2,84.500,fork
2022,C02,New Brunswick,46.239242,-64.886561,Cocagne river,SFA16B,,5.800,Atlantic salmon,saumon atlantique,Salmo salar,161996,23,101.957,fork
2022,C02,New Brunswick,46.239242,-64.886561,Cocagne river,SFA16B,,5.800,Blacknose dace,naseux noir,Rhinichthys atratulus,163382,34,50.379,fork
2022,C03,New Brunswick,46.311541,-64.799972,Northwest branch Cocagne river,SFA16B,,12.800,Atlantic salmon,saumon atlantique,Salmo salar,161996,3,107.333,fork
2022,C03,New Brunswick,46.311541,-64.799972,Northwest branch Cocagne river,SFA16B,,12.800,Blacknose dace,naseux noir,Rhinichthys atratulus,163382,56,52.033,fork
2022,C03,New Brunswick,46.311541,-64.799972,Northwest branch Cocagne river,SFA16B,,12.800,Lake chub,méné de lac,Couesius plumbeus,163535,3,83.667,fork
2022,C06,New Brunswick,46.309482,-64.744270,Cocagne river,SFA16B,,11.200,American eel,anguille d'Amérique,Anguilla rostrata,161127,1,,total
2022,C06,New Brunswick,46.309482,-64.744270,Cocagne river,SFA16B,,11.200,Atlantic salmon,saumon atlantique,Salmo salar,161996,27,76.963,fork
2022,C06,New Brunswick,46.309482,-64.744270,Cocagne river,SFA16B,,11.200,Blacknose dace,naseux noir,Rhinichthys atratulus,163382,40,51.450,fork
2022,C06,New Brunswick,46.309482,-64.744270,Cocagne river,SFA16B,,11.200,Lake chub,méné de lac,Couesius plumbeus,163535,3,59.000,fork
2022,C06,New Brunswick,46.309482,-64.744270,Cocagne river,SFA16B,,11.200,three-spined stickleback,épinoche à trois épines,Gasterosteus aculeatus,166365,1,32.000,fork
2022,C06,New Brunswick,46.309482,-64.744270,Cocagne river,SFA16B,,11.200,White sucker,meunier noir,Catostomus commersoni,553273,2,57.000,fork
2022,C07,New Brunswick,46.256333,-64.848854,Cocagne river,SFA16B,,7.500,Atlantic salmon,saumon atlantique,Salmo salar,161996,18,76.889,fork
2022,C07,New Brunswick,46.256333,-64.848854,Cocagne river,SFA16B,,7.500,Blacknose dace,naseux noir,Rhinichthys atratulus,163382,27,51.444,fork
2022,C07,New Brunswick,46.256333,-64.848854,Cocagne river,SFA16B,,7.500,Common shiner,méné à nageoires rouges,Notropis cornutus,163836,1,68.000,fork
2022,C07,New Brunswick,46.256333,-64.848854,Cocagne river,SFA16B,,7.500,Lake chub,méné de lac,Couesius plumbeus,163535,2,71.000,fork
2022,C07,New Brunswick,46.256333,-64.848854,Cocagne river,SFA16B,,7.500,White sucker,meunier noir,Catostomus commersoni,553273,2,95.500,fork
2022,CB02,New Brunswick,46.442750,-65.064391,Coal Branch river,SFA16B,,13.200,Atlantic salmon,saumon atlantique,Salmo salar,161996,9,84.444,fork
2022,CB02,New Brunswick,46.442750,-65.064391,Coal Branch river,SFA16B,,13.200,Blacknose dace,naseux noir,Rhinichthys atratulus,163382,47,52.167,fork
2022,CB02,New Brunswick,46.442750,-65.064391,Coal Branch river,SFA16B,,13.200,Common shiner,méné à nageoires rouges,Notropis cornutus,163836,8,31.500,fork
2022,CB02,New Brunswick,46.442750,-65.064391,Coal Branch river,SFA16B,,13.200,three-spined stickleback,épinoche à trois épines,Gasterosteus aculeatus,166365,1,28.000,fork
2022,CB02,New Brunswick,46.442750,-65.064391,Coal Branch river,SFA16B,,13.200,White sucker,meunier noir,Catostomus commersoni,553273,5,57.600,fork
2022,CB03,New Brunswick,46.417167,-65.071600,Coal Branch river,SFA16B,,12.200,Atlantic salmon,saumon atlantique,Salmo salar,161996,16,75.750,fork
2022,CB03,New Brunswick,46.417167,-65.071600,Coal Branch river,SFA16B,,12.200,Blacknose dace,naseux noir,Rhinichthys atratulus,163382,33,49.667,fork
2022,CB03,New Brunswick,46.417167,-65.071600,Coal Branch river,SFA16B,,12.200,Common shiner,méné à nageoires rouges,Notropis cornutus,163836,3,28.000,fork
2022,CB03,New Brunswick,46.417167,-65.071600,Coal Branch river,SFA16B,,12.200,Lake chub,méné de lac,Couesius plumbeus,163535,5,36.800,fork
2022,CB03,New Brunswick,46.417167,-65.071600,Coal Branch river,SFA16B,,12.200,White sucker,meunier noir,Catostomus commersoni,553273,2,36.000,fork
2022,CB07,New Brunswick,46.359576,-65.151054,Coal Branch river,SFA16B,,5.200,Atlantic salmon,saumon atlantique,Salmo salar,161996,19,58.632,fork
2022,CB07,New Brunswick,46.359576,-65.151054,Coal Branch river,SFA16B,,5.200,Blacknose dace,naseux noir,Rhinichthys atratulus,163382,11,35.364,fork
2022,CB07,New Brunswick,46.359576,-65.151054,Coal Branch river,SFA16B,,5.200,Common shiner,méné à nageoires rouges,Notropis cornutus,163836,1,73.000,fork
2022,CB07,New Brunswick,46.359576,-65.151054,Coal Branch river,SFA16B,,5.200,Lake chub,méné de lac,Couesius plumbeus,163535,3,54.000,fork
2022,CB07,New Brunswick,46.359576,-65.151054,Coal Branch river,SFA16B,,5.200,three-spined stickleback,épinoche à trois épines,Gasterosteus aculeatus,166365,1,31.000,fork
2022,K01,New Brunswick,46.743816,-65.202929,Kouchibouguac,SFA16B,,8.900,Atlantic salmon,saumon atlantique,Salmo salar,161996,61,80.852,fork
2022,K01,New Brunswick,46.743816,-65.202929,Kouchibouguac,SFA16B,,8.900,Blacknose dace,naseux noir,Rhinichthys atratulus,163382,5,64.000,fork
2022,K01,New Brunswick,46.743816,-65.202929,Kouchibouguac,SFA16B,,8.900,Brook trout,omble de fontaine,Salvelinus fontinalis,162003,2,71.000,fork
2022,K02,New Brunswick,46.696785,-65.315463,Kouchibouguac,SFA16B,,12.300,Atlantic salmon,saumon atlantique,Salmo salar,161996,44,70.409,fork
2022,K02,New Brunswick,46.696785,-65.315463,Kouchibouguac,SFA16B,,12.300,Blacknose dace,naseux noir,Rhinichthys atratulus,163382,33,56.433,fork
2022,K02,New Brunswick,46.696785,-65.315463,Kouchibouguac,SFA16B,,12.300,Slimy sculpin,chabot visqueux,Cottus cognatus,167232,1,62.000,fork
2022,K03,New Brunswick,46.785467,-65.111433,Kouchibouguac,SFA16B,,8.200,American eel,anguille d'Amérique,Anguilla rostrata,161127,2,147.500,total
2022,K03,New Brunswick,46.785467,-65.111433,Kouchibouguac,SFA16B,,8.200,Atlantic salmon,saumon atlantique,Salmo salar,161996,40,81.500,fork
2022,K03,New Brunswick,46.785467,-65.111433,Kouchibouguac,SFA16B,,8.200,Blacknose dace,naseux noir,Rhinichthys atratulus,163382,6,51.000,fork
2022,K03,New Brunswick,46.785467,-65.111433,Kouchibouguac,SFA16B,,8.200,Slimy sculpin,chabot visqueux,Cottus cognatus,167232,1,91.000,fork
2022,K03,New Brunswick,46.785467,-65.111433,Kouchibouguac,SFA16B,,8.200,White sucker,meunier noir,Catostomus commersoni,553273,1,98.000,fork
2022,K05,New Brunswick,46.676643,-65.380516,Kouchibouguac,SFA16B,,13.300,Atlantic salmon,saumon atlantique,Salmo salar,161996,23,78.783,fork
2022,K05,New Brunswick,46.676643,-65.380516,Kouchibouguac,SFA16B,,13.300,Blacknose dace,naseux noir,Rhinichthys atratulus,163382,5,56.800,fork
2022,K05,New Brunswick,46.676643,-65.380516,Kouchibouguac,SFA16B,,13.300,Slimy sculpin,chabot visqueux,Cottus cognatus,167232,2,72.500,fork
2022,K17,New Brunswick,46.756214,-65.148220,Kouchibouguac,SFA16B,,8.800,Atlantic salmon,saumon atlantique,Salmo salar,161996,50,66.260,fork
2022,K17,New Brunswick,46.756214,-65.148220,Kouchibouguac,SFA16B,,8.800,Blacknose dace,naseux noir,Rhinichthys atratulus,163382,4,47.750,fork
2022,K17,New Brunswick,46.756214,-65.148220,Kouchibouguac,SFA16B,,8.800,Slimy sculpin,chabot visqueux,Cottus cognatus,167232,3,65.000,fork
2022,KS01,New Brunswick,46.672057,-65.138056,Kouchibouguacis,SFA16B,,14.100,Atlantic salmon,saumon atlantique,Salmo salar,161996,12,60.583,fork
2022,KS01,New Brunswick,46.672057,-65.138056,Kouchibouguacis,SFA16B,,14.100,Blacknose dace,naseux noir,Rhinichthys atratulus,163382,12,40.583,fork
2022,KS01,New Brunswick,46.672057,-65.138056,Kouchibouguacis,SFA16B,,14.100,Common shiner,méné à nageoires rouges,Notropis cornutus,163836,1,34.000,fork
2022,KS02,New Brunswick,46.598354,-65.341174,Kouchibouguacis,SFA16B,,13.200,Atlantic salmon,saumon atlantique,Salmo salar,161996,12,63.000,fork
2022,KS02,New Brunswick,46.598354,-65.341174,Kouchibouguacis,SFA16B,,13.200,Blacknose dace,naseux noir,Rhinichthys atratulus,163382,42,42.700,fork
2022,KS02,New Brunswick,46.598354,-65.341174,Kouchibouguacis,SFA16B,,13.200,Common shiner,méné à nageoires rouges,Notropis cornutus,163836,1,37.000,fork
2022,KS02,New Brunswick,46.598354,-65.341174,Kouchibouguacis,SFA16B,,13.200,Lake chub,méné de lac,Couesius plumbeus,163535,1,82.000,fork
2022,KS03,New Brunswick,46.647444,-65.252278,Kouchibouguacis,SFA16B,,6.500,Atlantic salmon,saumon atlantique,Salmo salar,161996,11,59.364,fork
2022,KS03,New Brunswick,46.647444,-65.252278,Kouchibouguacis,SFA16B,,6.500,Blacknose dace,naseux noir,Rhinichthys atratulus,163382,17,42.941,fork
2022,KS03,New Brunswick,46.647444,-65.252278,Kouchibouguacis,SFA16B,,6.500,White sucker,meunier noir,Catostomus commersoni,553273,1,102.000,fork
2022,KS05,New Brunswick,46.706119,-65.078328,Kouchibouguacis,SFA16B,,9.100,Atlantic salmon,saumon atlantique,Salmo salar,161996,19,74.474,fork
2022,KS05,New Brunswick,46.706119,-65.078328,Kouchibouguacis,SFA16B,,9.100,Blacknose dace,naseux noir,Rhinichthys atratulus,163382,23,41.000,fork
2022,KS05,New Brunswick,46.706119,-65.078328,Kouchibouguacis,SFA16B,,9.100,Common shiner,méné à nageoires rouges,Notropis cornutus,163836,3,34.000,fork
2022,KS05,New Brunswick,46.706119,-65.078328,Kouchibouguacis,SFA16B,,9.100,Lake chub,méné de lac,Couesius plumbeus,163535,1,77.000,fork
2022,R01,New Brunswick,46.510096,-65.162890,Richibucto,SFA16B,,13.600,Atlantic salmon,saumon atlantique,Salmo salar,161996,49,85.306,fork
2022,R01,New Brunswick,46.510096,-65.162890,Richibucto,SFA16B,,13.600,Blacknose dace,naseux noir,Rhinichthys atratulus,163382,2,62.500,fork
2022,R01,New Brunswick,46.510096,-65.162890,Richibucto,SFA16B,,13.600,Lake chub,méné de lac,Couesius plumbeus,163535,1,58.000,fork
2022,R01,New Brunswick,46.510096,-65.162890,Richibucto,SFA16B,,13.600,Lamprey (non specific),lamproies (non spécifique),,159697,1,,fork
2022,R01,New Brunswick,46.510096,-65.162890,Richibucto,SFA16B,,13.600,Slimy sculpin,chabot visqueux,Cottus cognatus,167232,1,76.000,fork
2022,R02,New Brunswick,46.491953,-65.262097,Richibucto,SFA16B,,12.800,Atlantic salmon,saumon atlantique,Salmo salar,161996,47,70.170,fork
2022,R02,New Brunswick,46.491953,-65.262097,Richibucto,SFA16B,,12.800,Blacknose dace,naseux noir,Rhinichthys atratulus,163382,11,42.182,fork
2023,B01,New Brunswick,,,Buctouche,SFA16B,,17.800,American eel,anguille d'Amérique,Anguilla rostrata,161127,1,,total
2023,B01,New Brunswick,,,Buctouche,SFA16B,,17.800,Atlantic salmon,saumon atlantique,Salmo salar,161996,11,85.818,fork
2023,B01,New Brunswick,,,Buctouche,SFA16B,,17.800,Blacknose dace,naseux noir,Rhinichthys atratulus,163382,65,54.333,fork
2023,B01,New Brunswick,,,Buctouche,SFA16B,,17.800,Common shiner,méné à nageoires rouges,Notropis cornutus,163836,1,64.000,fork
2023,B01,New Brunswick,,,Buctouche,SFA16B,,17.800,Lake chub,méné de lac,Couesius plumbeus,163535,4,82.750,fork
2023,B01,New Brunswick,,,Buctouche,SFA16B,,17.800,Slimy sculpin,chabot visqueux,Cottus cognatus,167232,1,70.000,fork
2023,B01,New Brunswick,,,Buctouche,SFA16B,,17.800,White sucker,meunier noir,Catostomus commersoni,553273,2,30.000,fork
2023,B02,New Brunswick,,,Buctouche,SFA16B,,19.000,American eel,anguille d'Amérique,Anguilla rostrata,161127,1,120.000,total
2023,B02,New Brunswick,,,Buctouche,SFA16B,,19.000,Atlantic salmon,saumon atlantique,Salmo salar,161996,12,73.333,fork
2023,B02,New Brunswick,,,Buctouche,SFA16B,,19.000,Blacknose dace,naseux noir,Rhinichthys atratulus,163382,64,53.467,fork
2023,B02,New Brunswick,,,Buctouche,SFA16B,,19.000,Common shiner,méné à nageoires rouges,Notropis cornutus,163836,1,80.000,fork
2023,B02,New Brunswick,,,Buctouche,SFA16B,,19.000,Lake chub,méné de lac,Couesius plumbeus,163535,6,51.500,fork
2023,B02,New Brunswick,,,Buctouche,SFA16B,,19.000,Slimy sculpin,chabot visqueux,Cottus cognatus,167232,2,73.000,fork
2023,B03,New Brunswick,,,South branch Buctouche river,SFA16B,,18.900,Atlantic salmon,saumon atlantique,Salmo salar,161996,41,60.317,fork
2023,B03,New Brunswick,,,South branch Buctouche river,SFA16B,,18.900,Blacknose dace,naseux noir,Rhinichthys atratulus,163382,16,59.063,fork
2023,B03,New Brunswick,,,South branch Buctouche river,SFA16B,,18.900,Slimy sculpin,chabot visqueux,Cottus cognatus,167232,1,56.000,fork
2023,B03,New Brunswick,,,South branch Buctouche river,SFA16B,,18.900,three-spined stickleback,épinoche à trois épines,Gasterosteus aculeatus,166365,1,36.000,fork
2023,B05,New Brunswick,,,Upper north branch Buctouche river,SFA16B,,11.100,Blacknose dace,naseux noir,Rhinichthys atratulus,163382,4,63.750,fork
2023,B05,New Brunswick,,,Upper north branch Buctouche river,SFA16B,,11.100,Lake chub,méné de lac,Couesius plumbeus,163535,12,74.500,fork
2023,B06,New Brunswick,,,Buctouche,SFA16B,,12.300,American eel,anguille d'Amérique,Anguilla rostrata,161127,1,,total
2023,B06,New Brunswick,,,Buctouche,SFA16B,,12.300,Atlantic salmon,saumon atlantique,Salmo salar,161996,8,107.875,fork
2023,B06,New Brunswick,,,Buctouche,SFA16B,,12.300,Blacknose dace,naseux noir,Rhinichthys atratulus,163382,30,49.733,fork
2023,B06,New Brunswick,,,Buctouche,SFA16B,,12.300,Lake chub,méné de lac,Couesius plumbeus,163535,1,33.000,fork
2023,B06,New Brunswick,,,Buctouche,SFA16B,,12.300,White sucker,meunier noir,Catostomus commersoni,553273,1,131.000,fork
2023,B07,New Brunswick,,,Buctouche,SFA16B,,15.100,American eel,anguille d'Amérique,Anguilla rostrata,161127,3,,total
2023,B07,New Brunswick,,,Buctouche,SFA16B,,15.100,Atlantic salmon,saumon atlantique,Salmo salar,161996,7,74.571,fork
2023,B07,New Brunswick,,,Buctouche,SFA16B,,15.100,Blacknose dace,naseux noir,Rhinichthys atratulus,163382,24,38.875,fork
2023,B07,New Brunswick,,,Buctouche,SFA16B,,15.100,Lake chub,méné de lac,Couesius plumbeus,163535,2,55.000,fork
2023,B07,New Brunswick,,,Buctouche,SFA16B,,15.100,Slimy sculpin,chabot visqueux,Cottus cognatus,167232,1,41.000,fork
2023,B07,New Brunswick,,,Buctouche,SFA16B,,15.100,White sucker,meunier noir,Catostomus commersoni,553273,2,29.500,fork
2023,B08,New Brunswick,,,South branch Buctouche river,SFA16B,,17.000,American eel,anguille d'Amérique,Anguilla rostrata,161127,2,,total
2023,B08,New Brunswick,,,South branch Buctouche river,SFA16B,,17.000,Atlantic salmon,saumon atlantique,Salmo salar,161996,15,81.800,fork
2023,B08,New Brunswick,,,South branch Buctouche river,SFA16B,,17.000,Blacknose dace,naseux noir,Rhinichthys atratulus,163382,55,53.133,fork
2023,B08,New Brunswick,,,South branch Buctouche river,SFA16B,,17.000,Lake chub,méné de lac,Couesius plumbeus,163535,4,41.500,fork
2023,B08,New Brunswick,,,South branch Buctouche river,SFA16B,,17.000,Slimy sculpin,chabot visqueux,Cottus cognatus,167232,3,61.333,fork
2023,B17,New Brunswick,,,Buctouche,SFA16B,,11.700,Atlantic salmon,saumon atlantique,Salmo salar,161996,12,89.000,fork
2023,B17,New Brunswick,,,Buctouche,SFA16B,,11.700,Blacknose dace,naseux noir,Rhinichthys atratulus,163382,34,54.333,fork
2023,B17,New Brunswick,,,Buctouche,SFA16B,,11.700,Lake chub,méné de lac,Couesius plumbeus,163535,2,98.000,fork
2023,B17,New Brunswick,,,Buctouche,SFA16B,,11.700,Slimy sculpin,chabot visqueux,Cottus cognatus,167232,1,89.000,fork
2023,C01,New Brunswick,,,Cocagne river,SFA16B,,16.500,Atlantic salmon,saumon atlantique,Salmo salar,161996,35,86.371,fork
2023,C01,New Brunswick,,,Cocagne river,SFA16B,,16.500,Blacknose dace,naseux noir,Rhinichthys atratulus,163382,20,49.000,fork
2023,C01,New Brunswick,,,Cocagne river,SFA16B,,16.500,Brook trout,omble de fontaine,Salvelinus fontinalis,162003,3,141.000,fork
2023,C01,New Brunswick,,,Cocagne river,SFA16B,,16.500,White sucker,meunier noir,Catostomus commersoni,553273,3,73.000,fork
2023,C02,New Brunswick,,,Cocagne river,SFA16B,,10.700,Atlantic salmon,saumon atlantique,Salmo salar,161996,14,82.857,fork
2023,C02,New Brunswick,,,Cocagne river,SFA16B,,10.700,Blacknose dace,naseux noir,Rhinichthys atratulus,163382,28,55.643,fork
2023,C02,New Brunswick,,,Cocagne river,SFA16B,,10.700,Lake chub,méné de lac,Couesius plumbeus,163535,2,92.500,fork
2023,C02,New Brunswick,,,Cocagne river,SFA16B,,10.700,White sucker,meunier noir,Catostomus commersoni,553273,1,87.000,fork
2023,C03,New Brunswick,,,Northwest branch Cocagne river,SFA16B,,13.600,Atlantic salmon,saumon atlantique,Salmo salar,161996,6,95.000,fork
2023,C03,New Brunswick,,,Northwest branch Cocagne river,SFA16B,,13.600,Blacknose dace,naseux noir,Rhinichthys atratulus,163382,42,53.433,fork
2023,C03,New Brunswick,,,Northwest branch Cocagne river,SFA16B,,13.600,Lake chub,méné de lac,Couesius plumbeus,163535,3,92.000,fork
2023,C06,New Brunswick,,,Cocagne river,SFA16B,,12.900,American eel,anguille d'Amérique,Anguilla rostrata,161127,3,105.333,total
2023,C06,New Brunswick,,,Cocagne river,SFA16B,,12.900,Atlantic salmon,saumon atlantique,Salmo salar,161996,21,83.238,fork
2023,C06,New Brunswick,,,Cocagne river,SFA16B,,12.900,Blacknose dace,naseux noir,Rhinichthys atratulus,163382,40,53.300,fork
2023,C06,New Brunswick,,,Cocagne river,SFA16B,,12.900,Brook trout,omble de fontaine,Salvelinus fontinalis,162003,1,66.000,fork
2023,C06,New Brunswick,,,Cocagne river,SFA16B,,12.900,White sucker,meunier noir,Catostomus commersoni,553273,1,45.000,fork
2023,C07,New Brunswick,,,Cocagne river,SFA16B,,14.300,Atlantic salmon,saumon atlantique,Salmo salar,161996,24,78.875,fork
2023,C07,New Brunswick,,,Cocagne river,SFA16B,,14.300,Blacknose dace,naseux noir,Rhinichthys atratulus,163382,32,51.433,fork
2023,C07,New Brunswick,,,Cocagne river,SFA16B,,14.300,Brook trout,omble de fontaine,Salvelinus fontinalis,162003,1,174.000,fork
2023,C07,New Brunswick,,,Cocagne river,SFA16B,,14.300,Common shiner,méné à nageoires rouges,Notropis cornutus,163836,4,63.000,fork
2023,C07,New Brunswick,,,Cocagne river,SFA16B,,14.300,Lake chub,méné de lac,Couesius plumbeus,163535,1,43.000,fork
2023,C07,New Brunswick,,,Cocagne river,SFA16B,,14.300,three-spined stickleback,épinoche à trois épines,Gasterosteus aculeatus,166365,1,43.000,fork
2023,C07,New Brunswick,,,Cocagne river,SFA16B,,14.300,White sucker,meunier noir,Catostomus commersoni,553273,5,110.400,fork
2023,CB02,New Brunswick,,,Coal Branch river,SFA16B,,18.800,Atlantic salmon,saumon atlantique,Salmo salar,161996,6,79.000,fork
2023,CB02,New Brunswick,,,Coal Branch river,SFA16B,,18.800,Blacknose dace,naseux noir,Rhinichthys atratulus,163382,36,51.700,fork
2023,CB03,New Brunswick,,,Coal Branch river,SFA16B,,18.200,Atlantic salmon,saumon atlantique,Salmo salar,161996,5,59.200,fork
2023,CB03,New Brunswick,,,Coal Branch river,SFA16B,,18.200,Blacknose dace,naseux noir,Rhinichthys atratulus,163382,13,45.462,fork
2023,CB03,New Brunswick,,,Coal Branch river,SFA16B,,18.200,Common shiner,méné à nageoires rouges,Notropis cornutus,163836,1,28.000,fork
2023,CB03,New Brunswick,,,Coal Branch river,SFA16B,,18.200,Lake chub,méné de lac,Couesius plumbeus,163535,2,32.500,fork
2023,CB03,New Brunswick,,,Coal Branch river,SFA16B,,18.200,White sucker,meunier noir,Catostomus commersoni,553273,1,32.000,fork
2023,CB05,New Brunswick,,,Coal Branch river,SFA16B,,18.100,Atlantic salmon,saumon atlantique,Salmo salar,161996,23,57.696,fork
2023,CB05,New Brunswick,,,Coal Branch river,SFA16B,,18.100,Blacknose dace,naseux noir,Rhinichthys atratulus,163382,19,60.263,fork
2023,CB05,New Brunswick,,,Coal Branch river,SFA16B,,18.100,Lake chub,méné de lac,Couesius plumbeus,163535,2,50.000,fork
2023,CB05,New Brunswick,,,Coal Branch river,SFA16B,,18.100,Slimy sculpin,chabot visqueux,Cottus cognatus,167232,4,71.000,fork
2023,CB05,New Brunswick,,,Coal Branch river,SFA16B,,18.100,White sucker,meunier noir,Catostomus commersoni,553273,5,74.000,fork
2023,K01,New Brunswick,,,Kouchibouguac,SFA16B,,13.500,American eel,anguille d'Amérique,Anguilla rostrata,161127,1,303.000,total
2023,K01,New Brunswick,,,Kouchibouguac,SFA16B,,13.500,Atlantic salmon,saumon atlantique,Salmo salar,161996,88,75.238,fork
2023,K01,New Brunswick,,,Kouchibouguac,SFA16B,,13.500,Blacknose dace,naseux noir,Rhinichthys atratulus,163382,2,55.000,fork
2023,K01,New Brunswick,,,Kouchibouguac,SFA16B,,13.500,Brook trout,omble de fontaine,Salvelinus fontinalis,162003,2,109.500,fork
2023,K02,New Brunswick,,,Kouchibouguac,SFA16B,,10.200,Atlantic salmon,saumon atlantique,Salmo salar,161996,38,79.105,fork
2023,K02,New Brunswick,,,Kouchibouguac,SFA16B,,10.200,Blacknose dace,naseux noir,Rhinichthys atratulus,163382,28,58.143,fork
2023,K02,New Brunswick,,,Kouchibouguac,SFA16B,,10.200,Brook trout,omble de fontaine,Salvelinus fontinalis,162003,1,154.000,fork
2023,K02,New Brunswick,,,Kouchibouguac,SFA16B,,10.200,White sucker,meunier noir,Catostomus commersoni,553273,3,88.333,fork
2023,K03,New Brunswick,,,Kouchibouguac,SFA16B,,10.300,American eel,anguille d'Amérique,Anguilla rostrata,161127,1,,total
2023,K03,New Brunswick,,,Kouchibouguac,SFA16B,,10.300,Atlantic salmon,saumon atlantique,Salmo salar,161996,56,67.125,fork
2023,K03,New Brunswick,,,Kouchibouguac,SFA16B,,10.300,Blacknose dace,naseux noir,Rhinichthys atratulus,163382,5,54.600,fork
2023,K03,New Brunswick,,,Kouchibouguac,SFA16B,,10.300,Slimy sculpin,chabot visqueux,Cottus cognatus,167232,2,62.000,fork
2023,K05,New Brunswick,,,Kouchibouguac,SFA16B,,12.400,American eel,anguille d'Amérique,Anguilla rostrata,161127,1,235.000,total
2023,K05,New Brunswick,,,Kouchibouguac,SFA16B,,12.400,Atlantic salmon,saumon atlantique,Salmo salar,161996,25,74.160,fork
2023,K05,New Brunswick,,,Kouchibouguac,SFA16B,,12.400,Blacknose dace,naseux noir,Rhinichthys atratulus,163382,6,58.000,fork
2023,K17,New Brunswick,,,Kouchibouguac,SFA16B,,14.600,Atlantic salmon,saumon atlantique,Salmo salar,161996,57,59.035,fork
2023,K17,New Brunswick,,,Kouchibouguac,SFA16B,,14.600,Blacknose dace,naseux noir,Rhinichthys atratulus,163382,3,66.667,fork
2023,K17,New Brunswick,,,Kouchibouguac,SFA16B,,14.600,Slimy sculpin,chabot visqueux,Cottus cognatus,167232,4,69.500,fork
2023,KS01,New Brunswick,,,Kouchibouguacis,SFA16B,,14.900,Atlantic salmon,saumon atlantique,Salmo salar,161996,6,73.667,fork
2023,KS01,New Brunswick,,,Kouchibouguacis,SFA16B,,14.900,Blacknose dace,naseux noir,Rhinichthys atratulus,163382,10,51.300,fork
2023,KS02,New Brunswick,,,Kouchibouguacis,SFA16B,,9.100,Atlantic salmon,saumon atlantique,Salmo salar,161996,20,73.050,fork
2023,KS02,New Brunswick,,,Kouchibouguacis,SFA16B,,9.100,Blacknose dace,naseux noir,Rhinichthys atratulus,163382,14,51.357,fork
2023,KS02,New Brunswick,,,Kouchibouguacis,SFA16B,,9.100,Brook trout,omble de fontaine,Salvelinus fontinalis,162003,1,49.000,fork
2023,KS02,New Brunswick,,,Kouchibouguacis,SFA16B,,9.100,nine-spined stickleback,épinoche à neuf épines,Pungitius pungitius,166387,1,49.000,fork
2023,KS03,New Brunswick,,,Kouchibouguacis,SFA16B,,12.100,Atlantic salmon,saumon atlantique,Salmo salar,161996,25,83.000,fork
2023,KS03,New Brunswick,,,Kouchibouguacis,SFA16B,,12.100,Blacknose dace,naseux noir,Rhinichthys atratulus,163382,14,55.857,fork
2023,KS03,New Brunswick,,,Kouchibouguacis,SFA16B,,12.100,Common shiner,méné à nageoires rouges,Notropis cornutus,163836,5,50.600,fork
2023,KS03,New Brunswick,,,Kouchibouguacis,SFA16B,,12.100,White sucker,meunier noir,Catostomus commersoni,553273,5,82.200,fork
2023,KS05,New Brunswick,,,Kouchibouguacis,SFA16B,,16.500,Atlantic salmon,saumon atlantique,Salmo salar,161996,8,85.000,fork
2023,KS05,New Brunswick,,,Kouchibouguacis,SFA16B,,16.500,Blacknose dace,naseux noir,Rhinichthys atratulus,163382,21,47.619,fork
2023,KS05,New Brunswick,,,Kouchibouguacis,SFA16B,,16.500,three-spined stickleback,épinoche à trois épines,Gasterosteus aculeatus,166365,1,28.000,fork
2023,R01,New Brunswick,,,Richibucto,SFA16B,,9.700,Atlantic salmon,saumon atlantique,Salmo salar,161996,33,91.909,fork
2023,R01,New Brunswick,,,Richibucto,SFA16B,,9.700,Blacknose dace,naseux noir,Rhinichthys atratulus,163382,7,58.429,fork
2023,R01,New Brunswick,,,Richibucto,SFA16B,,9.700,Slimy sculpin,chabot visqueux,Cottus cognatus,167232,1,69.000,fork
2023,R01,New Brunswick,,,Richibucto,SFA16B,,9.700,White sucker,meunier noir,Catostomus commersoni,553273,3,121.000,fork
2023,R02,New Brunswick,,,Richibucto,SFA16B,,8.400,Atlantic salmon,saumon atlantique,Salmo salar,161996,64,73.969,fork
2023,R02,New Brunswick,,,Richibucto,SFA16B,,8.400,Blacknose dace,naseux noir,Rhinichthys atratulus,163382,7,60.000,fork
2024,B01,New Brunswick,,,Buctouche,SFA16B,,11.800,Atlantic salmon,saumon atlantique,Salmo salar,161996,7,122.286,fork
2024,B01,New Brunswick,,,Buctouche,SFA16B,,11.800,Blacknose dace,naseux noir,Rhinichthys atratulus,163382,111,54.300,fork
2024,B01,New Brunswick,,,Buctouche,SFA16B,,11.800,Chub (non-specific),,,1,16,42.714,fork
2024,B01,New Brunswick,,,Buctouche,SFA16B,,11.800,Common shiner,méné à nageoires rouges,Notropis cornutus,163836,6,31.333,fork
2024,B01,New Brunswick,,,Buctouche,SFA16B,,11.800,White sucker,meunier noir,Catostomus commersoni,553273,41,46.100,fork
2024,B02,New Brunswick,,,Buctouche,SFA16B,,15.600,Atlantic salmon,saumon atlantique,Salmo salar,161996,7,84.000,fork
2024,B02,New Brunswick,,,Buctouche,SFA16B,,15.600,Blacknose dace,naseux noir,Rhinichthys atratulus,163382,127,45.800,fork
2024,B02,New Brunswick,,,Buctouche,SFA16B,,15.600,Chub (non-specific),,,1,9,35.556,fork
2024,B02,New Brunswick,,,Buctouche,SFA16B,,15.600,Slimy sculpin,chabot visqueux,Cottus cognatus,167232,4,31.500,fork
2024,B02,New Brunswick,,,Buctouche,SFA16B,,15.600,White sucker,meunier noir,Catostomus commersoni,553273,24,42.625,fork
2024,B03,New Brunswick,,,South branch Buctouche river,SFA16B,,10.400,Atlantic salmon,saumon atlantique,Salmo salar,161996,42,80.643,fork
2024,B03,New Brunswick,,,South branch Buctouche river,SFA16B,,10.400,Blacknose dace,naseux noir,Rhinichthys atratulus,163382,15,46.467,fork
2024,B03,New Brunswick,,,South branch Buctouche river,SFA16B,,10.400,Brook trout,omble de fontaine,Salvelinus fontinalis,162003,2,138.500,fork
2024,B03,New Brunswick,,,South branch Buctouche river,SFA16B,,10.400,White sucker,meunier noir,Catostomus commersoni,553273,2,58.000,fork
2024,B05,New Brunswick,,,Upper north branch Buctouche river,SFA16B,,11.600,Blacknose dace,naseux noir,Rhinichthys atratulus,163382,11,42.545,fork
2024,B05,New Brunswick,,,Upper north branch Buctouche river,SFA16B,,11.600,brook stickleback,épinoche à cinq épines,Culaea inconstans,166399,1,41.000,fork
2024,B05,New Brunswick,,,Upper north branch Buctouche river,SFA16B,,11.600,Chub (non-specific),,,1,12,56.667,fork
2024,B05,New Brunswick,,,Upper north branch Buctouche river,SFA16B,,11.600,Common shiner,méné à nageoires rouges,Notropis cornutus,163836,1,27.000,fork
2024,B05,New Brunswick,,,Upper north branch Buctouche river,SFA16B,,11.600,White sucker,meunier noir,Catostomus commersoni,553273,5,45.600,fork
2024,B06,New Brunswick,,,Buctouche,SFA16B,,14.000,Atlantic salmon,saumon atlantique,Salmo salar,161996,3,81.000,fork
2024,B06,New Brunswick,,,Buctouche,SFA16B,,14.000,Blacknose dace,naseux noir,Rhinichthys atratulus,163382,67,38.867,fork
2024,B06,New Brunswick,,,Buctouche,SFA16B,,14.000,Chub (non-specific),,,1,4,39.500,fork
2024,B06,New Brunswick,,,Buctouche,SFA16B,,14.000,Common shiner,méné à nageoires rouges,Notropis cornutus,163836,2,32.000,fork
2024,B06,New Brunswick,,,Buctouche,SFA16B,,14.000,White sucker,meunier noir,Catostomus commersoni,553273,2,45.000,fork
2024,B07,New Brunswick,,,Buctouche,SFA16B,,13.300,American eel,anguille d'Amérique,Anguilla rostrata,161127,4,,total
2024,B07,New Brunswick,,,Buctouche,SFA16B,,13.300,Atlantic salmon,saumon atlantique,Salmo salar,161996,6,115.167,fork
2024,B07,New Brunswick,,,Buctouche,SFA16B,,13.300,Banded killifish,fondule barré,Fundulus diaphanus,165646,1,50.000,fork
2024,B07,New Brunswick,,,Buctouche,SFA16B,,13.300,Blacknose dace,naseux noir,Rhinichthys atratulus,163382,15,35.867,fork
2024,B07,New Brunswick,,,Buctouche,SFA16B,,13.300,Chub (non-specific),,,1,43,43.167,fork
2024,B07,New Brunswick,,,Buctouche,SFA16B,,13.300,Common shiner,méné à nageoires rouges,Notropis cornutus,163836,1,25.000,fork
2024,B07,New Brunswick,,,Buctouche,SFA16B,,13.300,nine-spined stickleback,épinoche à neuf épines,Pungitius pungitius,166387,1,40.000,fork
2024,B07,New Brunswick,,,Buctouche,SFA16B,,13.300,Slimy sculpin,chabot visqueux,Cottus cognatus,167232,4,28.000,fork
2024,B07,New Brunswick,,,Buctouche,SFA16B,,13.300,three-spined stickleback,épinoche à trois épines,Gasterosteus aculeatus,166365,1,38.000,fork
2024,B07,New Brunswick,,,Buctouche,SFA16B,,13.300,White sucker,meunier noir,Catostomus commersoni,553273,36,48.567,fork
2024,B08,New Brunswick,,,South branch Buctouche river,SFA16B,,12.200,Atlantic salmon,saumon atlantique,Salmo salar,161996,18,100.500,fork
2024,B08,New Brunswick,,,South branch Buctouche river,SFA16B,,12.200,Blacknose dace,naseux noir,Rhinichthys atratulus,163382,80,43.567,fork
2024,B08,New Brunswick,,,South branch Buctouche river,SFA16B,,12.200,Chub (non-specific),,,1,21,39.476,fork
2024,B08,New Brunswick,,,South branch Buctouche river,SFA16B,,12.200,Common shiner,méné à nageoires rouges,Notropis cornutus,163836,10,34.700,fork
2024,B08,New Brunswick,,,South branch Buctouche river,SFA16B,,12.200,Slimy sculpin,chabot visqueux,Cottus cognatus,167232,1,71.000,fork
2024,B08,New Brunswick,,,South branch Buctouche river,SFA16B,,12.200,three-spined stickleback,épinoche à trois épines,Gasterosteus aculeatus,166365,2,35.500,fork
2024,B08,New Brunswick,,,South branch Buctouche river,SFA16B,,12.200,White sucker,meunier noir,Catostomus commersoni,553273,17,46.412,fork
2024,B17,New Brunswick,,,Buctouche,SFA16B,,8.500,Atlantic salmon,saumon atlantique,Salmo salar,161996,36,74.417,fork
2024,B17,New Brunswick,,,Buctouche,SFA16B,,8.500,Blacknose dace,naseux noir,Rhinichthys atratulus,163382,73,42.267,fork
2024,B17,New Brunswick,,,Buctouche,SFA16B,,8.500,Chub (non-specific),,,1,11,41.273,fork
2024,B17,New Brunswick,,,Buctouche,SFA16B,,8.500,Common shiner,méné à nageoires rouges,Notropis cornutus,163836,11,29.727,fork
2024,B17,New Brunswick,,,Buctouche,SFA16B,,8.500,three-spined stickleback,épinoche à trois épines,Gasterosteus aculeatus,166365,12,40.250,fork
2024,B17,New Brunswick,,,Buctouche,SFA16B,,8.500,White sucker,meunier noir,Catostomus commersoni,553273,6,38.500,fork
2024,C01,New Brunswick,,,Cocagne river,SFA16B,,6.700,Atlantic salmon,saumon atlantique,Salmo salar,161996,16,105.938,fork
2024,C01,New Brunswick,,,Cocagne river,SFA16B,,6.700,Blacknose dace,naseux noir,Rhinichthys atratulus,163382,100,38.467,fork
2024,C01,New Brunswick,,,Cocagne river,SFA16B,,6.700,Brook trout,omble de fontaine,Salvelinus fontinalis,162003,1,125.000,fork
2024,C01,New Brunswick,,,Cocagne river,SFA16B,,6.700,Chub (non-specific),,,1,1,48.000,fork
2024,C01,New Brunswick,,,Cocagne river,SFA16B,,6.700,Common shiner,méné à nageoires rouges,Notropis cornutus,163836,3,38.667,fork
2024,C02,New Brunswick,,,Cocagne river,SFA16B,,10.700,Atlantic salmon,saumon atlantique,Salmo salar,161996,28,90.143,fork
2024,C02,New Brunswick,,,Cocagne river,SFA16B,,10.700,Blacknose dace,naseux noir,Rhinichthys atratulus,163382,83,41.633,fork
2024,C02,New Brunswick,,,Cocagne river,SFA16B,,10.700,Chub (non-specific),,,1,6,60.000,fork
2024,C02,New Brunswick,,,Cocagne river,SFA16B,,10.700,Common shiner,méné à nageoires rouges,Notropis cornutus,163836,7,60.857,fork
2024,C02,New Brunswick,,,Cocagne river,SFA16B,,10.700,White sucker,meunier noir,Catostomus commersoni,553273,1,90.000,fork
2024,C03,New Brunswick,,,Northwest branch Cocagne river,SFA16B,,8.000,Atlantic salmon,saumon atlantique,Salmo salar,161996,4,85.000,fork
2024,C03,New Brunswick,,,Northwest branch Cocagne river,SFA16B,,8.000,Blacknose dace,naseux noir,Rhinichthys atratulus,163382,47,48.500,fork
2024,C03,New Brunswick,,,Northwest branch Cocagne river,SFA16B,,8.000,Chub (non-specific),,,1,1,93.000,fork
2024,C03,New Brunswick,,,Northwest branch Cocagne river,SFA16B,,8.000,White sucker,meunier noir,Catostomus commersoni,553273,5,100.800,fork
2024,C06,New Brunswick,,,Cocagne river,SFA16B,,10.700,American eel,anguille d'Amérique,Anguilla rostrata,161127,1,195.000,total
2024,C06,New Brunswick,,,Cocagne river,SFA16B,,10.700,Atlantic salmon,saumon atlantique,Salmo salar,161996,6,124.167,fork
2024,C06,New Brunswick,,,Cocagne river,SFA16B,,10.700,Banded killifish,fondule barré,Fundulus diaphanus,165646,1,41.000,fork
2024,C06,New Brunswick,,,Cocagne river,SFA16B,,10.700,Blacknose dace,naseux noir,Rhinichthys atratulus,163382,153,44.533,fork
2024,C06,New Brunswick,,,Cocagne river,SFA16B,,10.700,Chub (non-specific),,,1,8,61.125,fork
2024,C06,New Brunswick,,,Cocagne river,SFA16B,,10.700,White sucker,meunier noir,Catostomus commersoni,553273,2,55.500,fork
2024,C07,New Brunswick,,,Cocagne river,SFA16B,,9.000,Atlantic salmon,saumon atlantique,Salmo salar,161996,7,86.429,fork
2024,C07,New Brunswick,,,Cocagne river,SFA16B,,9.000,Blacknose dace,naseux noir,Rhinichthys atratulus,163382,65,45.367,fork
2024,C07,New Brunswick,,,Cocagne river,SFA16B,,9.000,Brook trout,omble de fontaine,Salvelinus fontinalis,162003,1,72.000,fork
2024,C07,New Brunswick,,,Cocagne river,SFA16B,,9.000,Common shiner,méné à nageoires rouges,Notropis cornutus,163836,8,38.000,fork
2024,C07,New Brunswick,,,Cocagne river,SFA16B,,9.000,White sucker,meunier noir,Catostomus commersoni,553273,5,107.200,fork
2024,CB02,New Brunswick,,,Coal Branch river,SFA16B,,13.400,Atlantic salmon,saumon atlantique,Salmo salar,161996,28,81.500,fork
2024,CB02,New Brunswick,,,Coal Branch river,SFA16B,,13.400,Blacknose dace,naseux noir,Rhinichthys atratulus,163382,50,36.500,fork
2024,CB02,New Brunswick,,,Coal Branch river,SFA16B,,13.400,Chub (non-specific),,,1,2,37.500,fork
2024,CB02,New Brunswick,,,Coal Branch river,SFA16B,,13.400,Common shiner,méné à nageoires rouges,Notropis cornutus,163836,2,24.500,fork
2024,CB02,New Brunswick,,,Coal Branch river,SFA16B,,13.400,White sucker,meunier noir,Catostomus commersoni,553273,10,64.500,fork
2024,CB03,New Brunswick,,,Coal Branch river,SFA16B,,15.300,Atlantic salmon,saumon atlantique,Salmo salar,161996,16,89.813,fork
2024,CB03,New Brunswick,,,Coal Branch river,SFA16B,,15.300,Blacknose dace,naseux noir,Rhinichthys atratulus,163382,52,41.774,fork
2024,CB03,New Brunswick,,,Coal Branch river,SFA16B,,15.300,Chub (non-specific),,,1,1,48.000,fork
2024,CB03,New Brunswick,,,Coal Branch river,SFA16B,,15.300,Common shiner,méné à nageoires rouges,Notropis cornutus,163836,11,30.182,fork
2024,CB03,New Brunswick,,,Coal Branch river,SFA16B,,15.300,White sucker,meunier noir,Catostomus commersoni,553273,1,56.000,fork
2024,CB05,New Brunswick,,,Coal Branch river,SFA16B,,12.600,Atlantic salmon,saumon atlantique,Salmo salar,161996,32,73.313,fork
2024,CB05,New Brunswick,,,Coal Branch river,SFA16B,,12.600,Blacknose dace,naseux noir,Rhinichthys atratulus,163382,89,45.200,fork
2024,CB05,New Brunswick,,,Coal Branch river,SFA16B,,12.600,Brook trout,omble de fontaine,Salvelinus fontinalis,162003,1,62.000,fork
2024,CB05,New Brunswick,,,Coal Branch river,SFA16B,,12.600,Chub (non-specific),,,1,17,46.118,fork
2024,CB05,New Brunswick,,,Coal Branch river,SFA16B,,12.600,Slimy sculpin,chabot visqueux,Cottus cognatus,167232,1,32.000,fork
2024,CB05,New Brunswick,,,Coal Branch river,SFA16B,,12.600,White sucker,meunier noir,Catostomus commersoni,553273,8,57.000,fork
2024,K01,New Brunswick,,,Kouchibouguac,SFA16B,,15.100,American eel,anguille d'Amérique,Anguilla rostrata,161127,3,,total
2024,K01,New Brunswick,,,Kouchibouguac,SFA16B,,15.100,Atlantic salmon,saumon atlantique,Salmo salar,161996,128,81.378,fork
2024,K01,New Brunswick,,,Kouchibouguac,SFA16B,,15.100,Blacknose dace,naseux noir,Rhinichthys atratulus,163382,34,48.294,fork
2024,K01,New Brunswick,,,Kouchibouguac,SFA16B,,15.100,Brook trout,omble de fontaine,Salvelinus fontinalis,162003,1,63.000,fork
2024,K01,New Brunswick,,,Kouchibouguac,SFA16B,,15.100,White sucker,meunier noir,Catostomus commersoni,553273,1,60.000,fork
2024,K02,New Brunswick,,,Kouchibouguac,SFA16B,,8.400,Atlantic salmon,saumon atlantique,Salmo salar,161996,49,84.796,fork
2024,K02,New Brunswick,,,Kouchibouguac,SFA16B,,8.400,Blacknose dace,naseux noir,Rhinichthys atratulus,163382,41,38.581,fork
2024,K02,New Brunswick,,,Kouchibouguac,SFA16B,,8.400,White sucker,meunier noir,Catostomus commersoni,553273,5,58.800,fork
2024,K03,New Brunswick,,,Kouchibouguac,SFA16B,,13.100,Atlantic salmon,saumon atlantique,Salmo salar,161996,41,83.854,fork
2024,K03,New Brunswick,,,Kouchibouguac,SFA16B,,13.100,Blacknose dace,naseux noir,Rhinichthys atratulus,163382,35,38.267,fork
2024,K03,New Brunswick,,,Kouchibouguac,SFA16B,,13.100,Sea Lamprey,lamproie marine,Petromyzon marinus,159722,1,,fork
2024,K03,New Brunswick,,,Kouchibouguac,SFA16B,,13.100,White sucker,meunier noir,Catostomus commersoni,553273,1,34.000,fork
2024,K05,New Brunswick,,,Kouchibouguac,SFA16B,,11.800,American eel,anguille d'Amérique,Anguilla rostrata,161127,1,187.000,total
2024,K05,New Brunswick,,,Kouchibouguac,SFA16B,,11.800,Atlantic salmon,saumon atlantique,Salmo salar,161996,36,83.306,fork
2024,K05,New Brunswick,,,Kouchibouguac,SFA16B,,11.800,Blacknose dace,naseux noir,Rhinichthys atratulus,163382,22,44.364,fork
2024,K05,New Brunswick,,,Kouchibouguac,SFA16B,,11.800,White sucker,meunier noir,Catostomus commersoni,553273,2,58.000,fork
2024,K17,New Brunswick,,,Kouchibouguac,SFA16B,,11.900,Atlantic salmon,saumon atlantique,Salmo salar,161996,32,71.906,fork
2024,K17,New Brunswick,,,Kouchibouguac,SFA16B,,11.900,Blacknose dace,naseux noir,Rhinichthys atratulus,163382,34,35.194,fork
2024,K17,New Brunswick,,,Kouchibouguac,SFA16B,,11.900,Sea Lamprey,lamproie marine,Petromyzon marinus,159722,1,94.000,fork
2024,K17,New Brunswick,,,Kouchibouguac,SFA16B,,11.900,White sucker,meunier noir,Catostomus commersoni,553273,1,42.000,fork
2024,KS01,New Brunswick,,,Kouchibouguacis,SFA16B,,14.900,Atlantic salmon,saumon atlantique,Salmo salar,161996,24,74.333,fork
2024,KS01,New Brunswick,,,Kouchibouguacis,SFA16B,,14.900,Blacknose dace,naseux noir,Rhinichthys atratulus,163382,68,41.167,fork
2024,KS01,New Brunswick,,,Kouchibouguacis,SFA16B,,14.900,Chub (non-specific),,,1,4,39.750,fork
2024,KS01,New Brunswick,,,Kouchibouguacis,SFA16B,,14.900,Common shiner,méné à nageoires rouges,Notropis cornutus,163836,9,32.111,fork
2024,KS01,New Brunswick,,,Kouchibouguacis,SFA16B,,14.900,White sucker,meunier noir,Catostomus commersoni,553273,4,52.500,fork
2024,KS02,New Brunswick,,,Kouchibouguacis,SFA16B,,10.000,Atlantic salmon,saumon atlantique,Salmo salar,161996,31,85.677,fork
2024,KS02,New Brunswick,,,Kouchibouguacis,SFA16B,,10.000,Blacknose dace,naseux noir,Rhinichthys atratulus,163382,67,43.033,fork
2024,KS02,New Brunswick,,,Kouchibouguacis,SFA16B,,10.000,Brook trout,omble de fontaine,Salvelinus fontinalis,162003,1,122.000,fork
2024,KS02,New Brunswick,,,Kouchibouguacis,SFA16B,,10.000,Chub (non-specific),,,1,3,46.333,fork
2024,KS02,New Brunswick,,,Kouchibouguacis,SFA16B,,10.000,Common shiner,méné à nageoires rouges,Notropis cornutus,163836,15,33.667,fork
2024,KS02,New Brunswick,,,Kouchibouguacis,SFA16B,,10.000,White sucker,meunier noir,Catostomus commersoni,553273,1,49.000,fork
2024,KS03,New Brunswick,,,Kouchibouguacis,SFA16B,,12.700,Atlantic salmon,saumon atlantique,Salmo salar,161996,11,94.000,fork
2024,KS03,New Brunswick,,,Kouchibouguacis,SFA16B,,12.700,Blacknose dace,naseux noir,Rhinichthys atratulus,163382,84,36.733,fork
2024,KS03,New Brunswick,,,Kouchibouguacis,SFA16B,,12.700,Brook trout,omble de fontaine,Salvelinus fontinalis,162003,2,97.500,fork
2024,KS03,New Brunswick,,,Kouchibouguacis,SFA16B,,12.700,Chub (non-specific),,,1,8,39.375,fork
2024,KS03,New Brunswick,,,Kouchibouguacis,SFA16B,,12.700,Common shiner,méné à nageoires rouges,Notropis cornutus,163836,13,34.462,fork
2024,KS03,New Brunswick,,,Kouchibouguacis,SFA16B,,12.700,White sucker,meunier noir,Catostomus commersoni,553273,5,54.800,fork
2024,KS05,New Brunswick,,,Kouchibouguacis,SFA16B,,15.700,Atlantic salmon,saumon atlantique,Salmo salar,161996,6,103.000,fork
2024,KS05,New Brunswick,,,Kouchibouguacis,SFA16B,,15.700,Blacknose dace,naseux noir,Rhinichthys atratulus,163382,25,46.120,fork
2024,KS05,New Brunswick,,,Kouchibouguacis,SFA16B,,15.700,Common shiner,méné à nageoires rouges,Notropis cornutus,163836,2,32.000,fork
2024,R01,New Brunswick,,,Richibucto,SFA16B,,13.000,American eel,anguille d'Amérique,Anguilla rostrata,161127,1,187.000,total
2024,R01,New Brunswick,,,Richibucto,SFA16B,,13.000,Atlantic salmon,saumon atlantique,Salmo salar,161996,16,96.563,fork
2024,R01,New Brunswick,,,Richibucto,SFA16B,,13.000,Blacknose dace,naseux noir,Rhinichthys atratulus,163382,22,45.091,fork
2024,R01,New Brunswick,,,Richibucto,SFA16B,,13.000,White sucker,meunier noir,Catostomus commersoni,553273,2,55.000,fork
2024,R02,New Brunswick,,,Richibucto,SFA16B,,11.200,Atlantic salmon,saumon atlantique,Salmo salar,161996,33,89.758,fork
2024,R02,New Brunswick,,,Richibucto,SFA16B,,11.200,Blacknose dace,naseux noir,Rhinichthys atratulus,163382,71,44.543,fork
2024,R02,New Brunswick,,,Richibucto,SFA16B,,11.200,Chub (non-specific),,,1,4,50.000,fork
2024,R02,New Brunswick,,,Richibucto,SFA16B,,11.200,Common shiner,méné à nageoires rouges,Notropis cornutus,163836,1,26.000,fork
2024,R02,New Brunswick,,,Richibucto,SFA16B,,11.200,White sucker,meunier noir,Catostomus commersoni,553273,6,48.667,fork
