"year","region","landings.t","boats","fishing.days","gear","towed.hours","cpue.boats","cpue.days","cpue.hours"
1923,"NAFO 4T",0.182,NA,NA,"dredge",NA,NA,NA,NA
1924,"NAFO 4T",0.177,NA,NA,"dredge",NA,NA,NA,NA
1925,"NAFO 4T",0.523,NA,NA,"dredge",NA,NA,NA,NA
1926,"NAFO 4T",1.922,NA,NA,"dredge",NA,NA,NA,NA
1927,"NAFO 4T",0.669,NA,NA,"dredge",NA,NA,NA,NA
1928,"NAFO 4T",0.533,NA,NA,"dredge",NA,NA,NA,NA
1929,"NAFO 4T",0.956,NA,NA,"dredge",NA,NA,NA,NA
1930,"NAFO 4T",2.215,NA,NA,"dredge",NA,NA,NA,NA
1931,"NAFO 4T",0.519,NA,NA,"dredge",NA,NA,NA,NA
1932,"NAFO 4T",0.702,NA,NA,"dredge",NA,NA,NA,NA
1933,"NAFO 4T",0.51,NA,NA,"dredge",NA,NA,NA,NA
1934,"NAFO 4T",0.693,NA,NA,"dredge",NA,NA,NA,NA
1935,"NAFO 4T",0.688,NA,NA,"dredge",NA,NA,NA,NA
1936,"NAFO 4T",0.496,NA,NA,"dredge",NA,NA,NA,NA
1937,"NAFO 4T",0.679,NA,NA,"dredge",NA,NA,NA,NA
1938,"NAFO 4T",0.674,NA,NA,"dredge",NA,NA,NA,NA
1939,"NAFO 4T",0.67,NA,NA,"dredge",NA,NA,NA,NA
1940,"NAFO 4T",2.529,NA,NA,"dredge",NA,NA,NA,NA
1941,"NAFO 4T",4.207,NA,NA,"dredge",NA,NA,NA,NA
1942,"NAFO 4T",0.469,NA,NA,"dredge",NA,NA,NA,NA
1943,"NAFO 4T",0.464,NA,NA,"dredge",NA,NA,NA,NA
1944,"NAFO 4T",1.426,NA,NA,"dredge",NA,NA,NA,NA
1945,"NAFO 4T",15.243,NA,NA,"dredge",NA,NA,NA,NA
1946,"NAFO 4T",6.317,NA,NA,"dredge",NA,NA,NA,NA
1947,"NAFO 4T",4.536,NA,NA,"dredge",NA,NA,NA,NA
1948,"NAFO 4T",7.711,NA,NA,"dredge",NA,NA,NA,NA
1949,"NAFO 4T",0.436,NA,NA,"dredge",NA,NA,NA,NA
1950,"NAFO 4T",11.793,NA,NA,"dredge",NA,NA,NA,NA
1951,"NAFO 4T",10.886,NA,NA,"dredge",NA,NA,NA,NA
1952,"NAFO 4T",100.289,NA,NA,"dredge",NA,NA,NA,NA
1953,"NAFO 4T",35.843,NA,NA,"dredge",NA,NA,NA,NA
1954,"NAFO 4T",24.948,NA,NA,"dredge",NA,NA,NA,NA
1955,"NAFO 4T",18.461,NA,NA,"dredge",NA,NA,NA,NA
1956,"NAFO 4T",123.241,NA,NA,"dredge",NA,NA,NA,NA
1957,"NAFO 4T",116.616,NA,NA,"dredge",NA,NA,NA,NA
1958,"NAFO 4T",92.704,NA,NA,"dredge",NA,NA,NA,NA
1959,"NAFO 4T",47.905,NA,NA,"dredge",NA,NA,NA,NA
1960,"NAFO 4T",6.563,NA,NA,"dredge",NA,NA,NA,NA
1961,"NAFO 4T",8.801,NA,NA,"dredge",NA,NA,NA,NA
1962,"NAFO 4T",25.62,20,NA,"dredge",NA,1.281,NA,NA
1963,"NAFO 4T",98.217,32,NA,"dredge",NA,3.069,NA,NA
1964,"NAFO 4T",230.019,51,NA,"dredge",NA,4.51,NA,NA
1965,"NAFO 4T",383.718,80,NA,"dredge",NA,4.796,NA,NA
1966,"NAFO 4T",255.601,66,NA,"dredge",NA,3.873,NA,NA
1967,"NAFO 4T",456.432,92,NA,"dredge",NA,4.961,NA,NA
1968,"NAFO 4T",898.273,193,NA,"dredge",NA,4.654,NA,NA
1969,"NAFO 4T",644.917,229,NA,"dredge",NA,2.816,NA,NA
1970,"NAFO 4T",697.239,246,NA,"dredge",NA,2.834,NA,NA
1971,"NAFO 4T",591.173,262,NA,"dredge",NA,2.256,NA,NA
1972,"NAFO 4T",505.71,279,NA,"dredge",NA,1.813,NA,NA
1973,"NAFO 4T",305.167,286,NA,"dredge",NA,1.067,NA,NA
1974,"NAFO 4T",202.043,289,NA,"dredge",NA,0.699,NA,NA
1975,"NAFO 4T",277.602,293,NA,"dredge",NA,0.947,NA,NA
1976,"NAFO 4T",364.639,329,NA,"dredge",NA,1.108,NA,NA
1977,"NAFO 4T",194.138,228,NA,"dredge",NA,0.851,NA,NA
1978,"NAFO 4T",267.844,273,5017,"dredge",NA,0.981,53.39,NA
1979,"NAFO 4T",238.625,332,6178,"dredge",NA,0.719,38.63,NA
1980,"NAFO 4T",209.426,256,5056,"dredge",NA,0.818,41.42,NA
1981,"NAFO 4T",368.531,372,8993,"dredge",NA,0.991,40.98,NA
1982,"NAFO 4T",227.451,429,5793,"dredge",NA,0.53,39.26,NA
1983,"NAFO 4T",310.153,480,8013,"dredge",NA,0.646,38.71,NA
1984,"NAFO 4T",235.891,472,5999,"dredge",NA,0.5,39.32,NA
1985,"NAFO 4T",216.133,427,5179,"dredge",NA,0.506,41.73,NA
1986,"NAFO 4T",201.763,428,4825,"dredge",NA,0.471,41.82,NA
1987,"NAFO 4T",166.616,401,3705,"dredge",NA,0.416,44.97,NA
1988,"NAFO 4T",161.69,322,3111,"dredge",NA,0.502,51.97,NA
1989,"NAFO 4T",225.769,342,3999,"dredge",NA,0.66,56.46,NA
1990,"NAFO 4T",204.581,411,3475,"dredge",NA,0.498,58.87,NA
1991,"NAFO 4T",150.907,343,2927,"dredge",NA,0.44,51.56,NA
1992,"NAFO 4T",161.424,366,3139,"dredge",NA,0.441,51.43,NA
1993,"NAFO 4T",250.141,517,5918,"dredge",NA,0.484,42.27,NA
1994,"NAFO 4T",307.827,566,7139,"dredge",NA,0.544,43.12,NA
1995,"NAFO 4T",311.99,526,7069,"dredge",NA,0.593,44.13,NA
1996,"NAFO 4T",327.876,554,7789,"dredge",NA,0.592,42.09,NA
1997,"NAFO 4T",310.38,528,7219,"dredge",NA,0.588,42.99,NA
1998,"NAFO 4T",290.205,545,9221,"dredge",NA,0.532,31.47,NA
1999,"NAFO 4T",208.117,440,6714,"dredge",NA,0.473,31,NA
2000,"NAFO 4T",234.102,446,7427,"dredge",NA,0.525,31.52,NA
2001,"NAFO 4T",161.711,334,4372,"dredge",NA,0.484,36.99,NA
2002,"NAFO 4T",95.268,254,3086,"dredge",NA,0.375,30.87,NA
2003,"NAFO 4T",111.859,259,3395,"dredge",27267.48,0.432,32.95,4.1
2004,"NAFO 4T",133.83,241,3352,"dredge",26919.1,0.555,39.93,4.97
2005,"NAFO 4T",107.504,262,3560,"dredge",28539.75,0.41,30.2,3.77
2006,"NAFO 4T",94.292,230,3213,"dredge",25603.02,0.41,29.35,3.68
2007,"NAFO 4T",117.984,220,3116,"dredge",23536.21,0.536,37.86,5.01
2008,"NAFO 4T",109.943,203,2638,"dredge",20066.42,0.542,41.68,5.48
2009,"NAFO 4T",117.267,209,2985,"dredge",23308.78,0.561,39.29,5.03
2010,"NAFO 4T",88.212,199,2420,"dredge",18458.35,0.443,36.45,4.78
2011,"NAFO 4T",120.343,180,2805,"dredge",21010.91,0.669,42.9,5.73
2012,"NAFO 4T",116.464,184,2920,"dredge",22018.57,0.633,39.88,5.29
2013,"NAFO 4T",123.607,189,2864,"dredge",21063.35,0.654,43.16,5.87
2014,"NAFO 4T",103.375,185,2631,"dredge",19081.81,0.559,39.29,5.42
2015,"NAFO 4T",71.869,153,1994,"dredge",14669.45,0.47,36.04,4.9
2016,"NAFO 4T",67.205,153,1828,"dredge",14119.28,0.439,36.76,4.76
2017,"NAFO 4T",82.896,140,1940,"dredge",14448.45,0.592,42.73,5.74
2018,"NAFO 4T",89.961,149,1844,"dredge",13457.18,0.604,48.79,6.68
2019,"NAFO 4T",65.184,128,1625,"dredge",11280.61,0.509,40.11,5.78
2020,"NAFO 4T",69.542,121,1702,"dredge",12436.48,0.575,40.86,5.59
2021,"NAFO 4T",66.605,116,1537,"dredge",10933.52,0.574,43.33,6.09
1947,"SFA 21A",NA,NA,NA,"dredge",NA,NA,NA,NA
1947,"SFA 21B",NA,NA,NA,"dredge",NA,NA,NA,NA
1947,"SFA 21C",NA,NA,NA,"dredge",NA,NA,NA,NA
1947,"SFA 22",NA,NA,NA,"dredge",NA,NA,NA,NA
1947,"SFA 23",NA,NA,NA,"dredge",NA,NA,NA,NA
1947,"SFA 24",4.536,NA,NA,"dredge",NA,NA,NA,NA
1948,"SFA 21A",NA,NA,NA,"dredge",NA,NA,NA,NA
1948,"SFA 21B",NA,NA,NA,"dredge",NA,NA,NA,NA
1948,"SFA 21C",NA,NA,NA,"dredge",NA,NA,NA,NA
1948,"SFA 22",NA,NA,NA,"dredge",NA,NA,NA,NA
1948,"SFA 23",NA,NA,NA,"dredge",NA,NA,NA,NA
1948,"SFA 24",7.711,NA,NA,"dredge",NA,NA,NA,NA
1949,"SFA 21A",NA,NA,NA,"dredge",NA,NA,NA,NA
1949,"SFA 21B",NA,NA,NA,"dredge",NA,NA,NA,NA
1949,"SFA 21C",NA,NA,NA,"dredge",NA,NA,NA,NA
1949,"SFA 22",NA,NA,NA,"dredge",NA,NA,NA,NA
1949,"SFA 23",NA,NA,NA,"dredge",NA,NA,NA,NA
1949,"SFA 24",NA,NA,NA,"dredge",NA,NA,NA,NA
1950,"SFA 21A",NA,NA,NA,"dredge",NA,NA,NA,NA
1950,"SFA 21B",NA,NA,NA,"dredge",NA,NA,NA,NA
1950,"SFA 21C",NA,NA,NA,"dredge",NA,NA,NA,NA
1950,"SFA 22",NA,NA,NA,"dredge",NA,NA,NA,NA
1950,"SFA 23",NA,NA,NA,"dredge",NA,NA,NA,NA
1950,"SFA 24",11.793,NA,NA,"dredge",NA,NA,NA,NA
1951,"SFA 21A",NA,NA,NA,"dredge",NA,NA,NA,NA
1951,"SFA 21B",NA,NA,NA,"dredge",NA,NA,NA,NA
1951,"SFA 21C",NA,NA,NA,"dredge",NA,NA,NA,NA
1951,"SFA 22",NA,NA,NA,"dredge",NA,NA,NA,NA
1951,"SFA 23",NA,NA,NA,"dredge",NA,NA,NA,NA
1951,"SFA 24",10.886,NA,NA,"dredge",NA,NA,NA,NA
1952,"SFA 21A",NA,NA,NA,"dredge",NA,NA,NA,NA
1952,"SFA 21B",NA,NA,NA,"dredge",NA,NA,NA,NA
1952,"SFA 21C",NA,NA,NA,"dredge",NA,NA,NA,NA
1952,"SFA 22",32.84,NA,NA,"dredge",NA,NA,NA,NA
1952,"SFA 23",NA,NA,NA,"dredge",NA,NA,NA,NA
1952,"SFA 24",67.449,NA,NA,"dredge",NA,NA,NA,NA
1953,"SFA 21A",NA,NA,NA,"dredge",NA,NA,NA,NA
1953,"SFA 21B",NA,NA,NA,"dredge",NA,NA,NA,NA
1953,"SFA 21C",NA,NA,NA,"dredge",NA,NA,NA,NA
1953,"SFA 22",30.672,NA,NA,"dredge",NA,NA,NA,NA
1953,"SFA 23",NA,NA,NA,"dredge",NA,NA,NA,NA
1953,"SFA 24",5.171,NA,NA,"dredge",NA,NA,NA,NA
1954,"SFA 21A",NA,NA,NA,"dredge",NA,NA,NA,NA
1954,"SFA 21B",NA,NA,NA,"dredge",NA,NA,NA,NA
1954,"SFA 21C",NA,NA,NA,"dredge",NA,NA,NA,NA
1954,"SFA 22",24.948,NA,NA,"dredge",NA,NA,NA,NA
1954,"SFA 23",NA,NA,NA,"dredge",NA,NA,NA,NA
1954,"SFA 24",NA,NA,NA,"dredge",NA,NA,NA,NA
1955,"SFA 21A",NA,NA,NA,"dredge",NA,NA,NA,NA
1955,"SFA 21B",NA,NA,NA,"dredge",NA,NA,NA,NA
1955,"SFA 21C",NA,NA,NA,"dredge",NA,NA,NA,NA
1955,"SFA 22",15.331,NA,NA,"dredge",NA,NA,NA,NA
1955,"SFA 23",NA,NA,NA,"dredge",NA,NA,NA,NA
1955,"SFA 24",3.13,NA,NA,"dredge",NA,NA,NA,NA
1956,"SFA 21A",NA,NA,NA,"dredge",NA,NA,NA,NA
1956,"SFA 21B",NA,NA,NA,"dredge",NA,NA,NA,NA
1956,"SFA 21C",NA,NA,NA,"dredge",NA,NA,NA,NA
1956,"SFA 22",1.814,NA,NA,"dredge",NA,NA,NA,NA
1956,"SFA 23",NA,NA,NA,"dredge",NA,NA,NA,NA
1956,"SFA 24",121.427,NA,NA,"dredge",NA,NA,NA,NA
1957,"SFA 21A",0.14,NA,NA,"dredge",NA,NA,NA,NA
1957,"SFA 21B",NA,NA,NA,"dredge",NA,NA,NA,NA
1957,"SFA 21C",NA,NA,NA,"dredge",NA,NA,NA,NA
1957,"SFA 22",1.536,NA,NA,"dredge",NA,NA,NA,NA
1957,"SFA 23",NA,NA,NA,"dredge",NA,NA,NA,NA
1957,"SFA 24",114.941,NA,NA,"dredge",NA,NA,NA,NA
1958,"SFA 21A",NA,NA,NA,"dredge",NA,NA,NA,NA
1958,"SFA 21B",NA,NA,NA,"dredge",NA,NA,NA,NA
1958,"SFA 21C",NA,NA,NA,"dredge",NA,NA,NA,NA
1958,"SFA 22",0.442,NA,NA,"dredge",NA,NA,NA,NA
1958,"SFA 23",NA,NA,NA,"dredge",NA,NA,NA,NA
1958,"SFA 24",92.262,NA,NA,"dredge",NA,NA,NA,NA
1959,"SFA 21A",NA,NA,NA,"dredge",NA,NA,NA,NA
1959,"SFA 21B",NA,NA,NA,"dredge",NA,NA,NA,NA
1959,"SFA 21C",0.007,NA,NA,"dredge",NA,NA,NA,NA
1959,"SFA 22",1.182,NA,NA,"dredge",NA,NA,NA,NA
1959,"SFA 23",NA,NA,NA,"dredge",NA,NA,NA,NA
1959,"SFA 24",46.716,NA,NA,"dredge",NA,NA,NA,NA
1960,"SFA 21A",NA,NA,NA,"dredge",NA,NA,NA,NA
1960,"SFA 21B",NA,NA,NA,"dredge",NA,NA,NA,NA
1960,"SFA 21C",NA,NA,NA,"dredge",NA,NA,NA,NA
1960,"SFA 22",4.218,NA,NA,"dredge",NA,NA,NA,NA
1960,"SFA 23",NA,NA,NA,"dredge",NA,NA,NA,NA
1960,"SFA 24",2.346,NA,NA,"dredge",NA,NA,NA,NA
1961,"SFA 21A",NA,NA,NA,"dredge",NA,NA,NA,NA
1961,"SFA 21B",NA,NA,NA,"dredge",NA,NA,NA,NA
1961,"SFA 21C",NA,NA,NA,"dredge",NA,NA,NA,NA
1961,"SFA 22",5.654,NA,NA,"dredge",NA,NA,NA,NA
1961,"SFA 23",NA,NA,NA,"dredge",NA,NA,NA,NA
1961,"SFA 24",3.147,NA,NA,"dredge",NA,NA,NA,NA
1962,"SFA 21A",NA,NA,NA,"dredge",NA,NA,NA,NA
1962,"SFA 21B",NA,NA,NA,"dredge",NA,NA,NA,NA
1962,"SFA 21C",0.076,NA,NA,"dredge",NA,NA,NA,NA
1962,"SFA 22",25.527,24,NA,"dredge",NA,1.064,NA,NA
1962,"SFA 23",NA,NA,NA,"dredge",NA,NA,NA,NA
1962,"SFA 24",0.017,0,NA,"dredge",NA,NA,NA,NA
1963,"SFA 21A",NA,NA,NA,"dredge",NA,NA,NA,NA
1963,"SFA 21B",NA,NA,NA,"dredge",NA,NA,NA,NA
1963,"SFA 21C",NA,NA,NA,"dredge",NA,NA,NA,NA
1963,"SFA 22",96.134,32,NA,"dredge",NA,3.004,NA,NA
1963,"SFA 23",NA,NA,NA,"dredge",NA,NA,NA,NA
1963,"SFA 24",2.083,6,NA,"dredge",NA,0.347,NA,NA
1964,"SFA 21A",NA,NA,NA,"dredge",NA,NA,NA,NA
1964,"SFA 21B",NA,NA,NA,"dredge",NA,NA,NA,NA
1964,"SFA 21C",NA,NA,NA,"dredge",NA,NA,NA,NA
1964,"SFA 22",151.831,44,NA,"dredge",NA,3.451,NA,NA
1964,"SFA 23",NA,NA,NA,"dredge",NA,NA,NA,NA
1964,"SFA 24",78.188,16,NA,"dredge",NA,4.887,NA,NA
1965,"SFA 21A",2.132,NA,NA,"dredge",NA,NA,NA,NA
1965,"SFA 21B",NA,NA,NA,"dredge",NA,NA,NA,NA
1965,"SFA 21C",NA,NA,NA,"dredge",NA,NA,NA,NA
1965,"SFA 22",132.301,41,NA,"dredge",NA,3.227,NA,NA
1965,"SFA 23",3.649,NA,NA,"dredge",NA,NA,NA,NA
1965,"SFA 24",245.636,46,NA,"dredge",NA,5.34,NA,NA
1966,"SFA 21A",NA,NA,NA,"dredge",NA,NA,NA,NA
1966,"SFA 21B",NA,NA,NA,"dredge",NA,NA,NA,NA
1966,"SFA 21C",NA,NA,NA,"dredge",NA,NA,NA,NA
1966,"SFA 22",99.876,36,NA,"dredge",NA,2.774,NA,NA
1966,"SFA 23",NA,NA,NA,"dredge",NA,NA,NA,NA
1966,"SFA 24",155.725,30,NA,"dredge",NA,5.191,NA,NA
1967,"SFA 21A",NA,NA,NA,"dredge",NA,NA,NA,NA
1967,"SFA 21B",NA,NA,NA,"dredge",NA,NA,NA,NA
1967,"SFA 21C",2.138,NA,NA,"dredge",NA,NA,NA,NA
1967,"SFA 22",94.585,34,NA,"dredge",NA,2.782,NA,NA
1967,"SFA 23",NA,NA,NA,"dredge",NA,NA,NA,NA
1967,"SFA 24",359.709,66,NA,"dredge",NA,5.45,NA,NA
1968,"SFA 21A",2.524,NA,NA,"dredge",NA,NA,NA,NA
1968,"SFA 21B",0.337,NA,NA,"dredge",NA,NA,NA,NA
1968,"SFA 21C",NA,NA,NA,"dredge",NA,NA,NA,NA
1968,"SFA 22",616.937,60,NA,"dredge",NA,10.282,NA,NA
1968,"SFA 23",4.846,NA,NA,"dredge",NA,NA,NA,NA
1968,"SFA 24",273.629,99,NA,"dredge",NA,2.764,NA,NA
1969,"SFA 21A",5.082,NA,NA,"dredge",NA,NA,NA,NA
1969,"SFA 21B",NA,NA,NA,"dredge",NA,NA,NA,NA
1969,"SFA 21C",NA,NA,NA,"dredge",NA,NA,NA,NA
1969,"SFA 22",231.744,110,NA,"dredge",NA,2.107,NA,NA
1969,"SFA 23",NA,NA,NA,"dredge",NA,NA,NA,NA
1969,"SFA 24",408.091,131,NA,"dredge",NA,3.115,NA,NA
1970,"SFA 21A",16.271,NA,NA,"dredge",NA,NA,NA,NA
1970,"SFA 21B",NA,NA,NA,"dredge",NA,NA,NA,NA
1970,"SFA 21C",53.4,NA,NA,"dredge",NA,NA,NA,NA
1970,"SFA 22",298.474,128,NA,"dredge",NA,2.332,NA,NA
1970,"SFA 23",0.469,NA,NA,"dredge",NA,NA,NA,NA
1970,"SFA 24",328.626,123,NA,"dredge",NA,2.672,NA,NA
1971,"SFA 21A",21.611,NA,NA,"dredge",NA,NA,NA,NA
1971,"SFA 21B",0.538,NA,NA,"dredge",NA,NA,NA,NA
1971,"SFA 21C",33.788,NA,NA,"dredge",NA,NA,NA,NA
1971,"SFA 22",268.824,147,NA,"dredge",NA,1.829,NA,NA
1971,"SFA 23",0.362,NA,NA,"dredge",NA,NA,NA,NA
1971,"SFA 24",266.051,122,NA,"dredge",NA,2.181,NA,NA
1972,"SFA 21A",37.988,NA,NA,"dredge",NA,NA,NA,NA
1972,"SFA 21B",0.162,NA,NA,"dredge",NA,NA,NA,NA
1972,"SFA 21C",43.061,NA,NA,"dredge",NA,NA,NA,NA
1972,"SFA 22",148.471,130,NA,"dredge",NA,1.142,NA,NA
1972,"SFA 23",0.125,NA,NA,"dredge",NA,NA,NA,NA
1972,"SFA 24",275.903,151,NA,"dredge",NA,1.827,NA,NA
1973,"SFA 21A",19.634,NA,NA,"dredge",NA,NA,NA,NA
1973,"SFA 21B",0.233,NA,NA,"dredge",NA,NA,NA,NA
1973,"SFA 21C",25.84,NA,NA,"dredge",NA,NA,NA,NA
1973,"SFA 22",112.598,142,NA,"dredge",NA,0.793,NA,NA
1973,"SFA 23",NA,NA,NA,"dredge",NA,NA,NA,NA
1973,"SFA 24",146.862,142,NA,"dredge",NA,1.034,NA,NA
1974,"SFA 21A",21.546,NA,NA,"dredge",NA,NA,NA,NA
1974,"SFA 21C",15.064,NA,NA,"dredge",NA,NA,NA,NA
1974,"SFA 22",45.986,153,NA,"dredge",NA,0.301,NA,NA
1974,"SFA 23",NA,NA,NA,"dredge",NA,NA,NA,NA
1974,"SFA 24",119.446,135,NA,"dredge",NA,0.885,NA,NA
1975,"SFA 21A",17.219,NA,NA,"dredge",NA,NA,NA,NA
1975,"SFA 21C",16.218,NA,NA,"dredge",NA,NA,NA,NA
1975,"SFA 22",58.136,164,NA,"dredge",NA,0.354,NA,NA
1975,"SFA 23",0.011,NA,NA,"dredge",NA,NA,NA,NA
1975,"SFA 24",186.018,126,NA,"dredge",NA,1.476,NA,NA
1976,"SFA 21A",12.034,NA,NA,"dredge",NA,NA,NA,NA
1976,"SFA 21B",0.345,NA,NA,"dredge",NA,NA,NA,NA
1976,"SFA 21C",14.15,NA,NA,"dredge",NA,NA,NA,NA
1976,"SFA 22",217.816,124,NA,"dredge",NA,1.757,NA,NA
1976,"SFA 23",0.794,NA,NA,"dredge",NA,NA,NA,NA
1976,"SFA 24",119.501,203,NA,"dredge",NA,0.589,NA,NA
1977,"SFA 21A",5.131,NA,NA,"dredge",NA,NA,NA,NA
1977,"SFA 21B",0.197,NA,NA,"dredge",NA,NA,NA,NA
1977,"SFA 21C",9.857,NA,NA,"dredge",NA,NA,NA,NA
1977,"SFA 22",117.936,118,NA,"dredge",NA,0.999,NA,NA
1977,"SFA 23",NA,NA,NA,"dredge",NA,NA,NA,NA
1977,"SFA 24",61.018,110,NA,"dredge",NA,0.555,NA,NA
1978,"SFA 21A",4.761,NA,31,"dredge",NA,NA,153.56,NA
1978,"SFA 21C",9.97,NA,410,"dredge",NA,NA,24.32,NA
1978,"SFA 22",172.497,140,2755,"dredge",NA,1.232,62.61,NA
1978,"SFA 23",0.456,NA,1,"dredge",NA,NA,455.9,NA
1978,"SFA 24",80.16,133,1820,"dredge",NA,0.603,44.04,NA
1979,"SFA 21A",4.579,NA,83,"dredge",NA,NA,55.17,NA
1979,"SFA 21B",0.916,NA,6,"dredge",NA,NA,152.72,NA
1979,"SFA 21C",8.743,NA,359,"dredge",NA,NA,24.35,NA
1979,"SFA 22",128.711,178,3321,"dredge",NA,0.723,38.76,NA
1979,"SFA 23",0.263,NA,2,"dredge",NA,NA,131.55,NA
1979,"SFA 24",95.412,154,2407,"dredge",NA,0.62,39.64,NA
1980,"SFA 21A",5.85,NA,94,"dredge",NA,NA,62.24,NA
1980,"SFA 21B",2.386,NA,54,"dredge",NA,NA,44.18,NA
1980,"SFA 21C",11.024,NA,557,"dredge",NA,NA,19.79,NA
1980,"SFA 22",100.427,109,2262,"dredge",NA,0.921,44.4,NA
1980,"SFA 23",NA,NA,NA,"dredge",NA,NA,NA,NA
1980,"SFA 24",89.738,147,2089,"dredge",NA,0.61,42.96,NA
1981,"SFA 21A",5.887,0,86,"dredge",NA,NA,68.45,NA
1981,"SFA 21B",2.017,0,17,"dredge",NA,NA,118.66,NA
1981,"SFA 21C",25.105,0,1103,"dredge",NA,NA,22.76,NA
1981,"SFA 22",157.531,121,3909,"dredge",NA,1.302,40.3,NA
1981,"SFA 23",3.946,NA,88,"dredge",NA,NA,44.85,NA
1981,"SFA 24",174.044,251,3790,"dredge",NA,0.693,45.92,NA
1982,"SFA 21A",3.876,11,52,"dredge",NA,0.352,74.54,NA
1982,"SFA 21C",16.608,36,820,"dredge",NA,0.461,20.25,NA
1982,"SFA 22",98.444,156,2573,"dredge",NA,0.631,38.26,NA
1982,"SFA 23",1.032,NA,29,"dredge",NA,NA,35.6,NA
1982,"SFA 24",107.49,184,2319,"dredge",NA,0.584,46.35,NA
1983,"SFA 21A",6.996,9,80,"dredge",NA,0.777,87.45,NA
1983,"SFA 21C",25.27,40,586,"dredge",NA,0.632,43.12,NA
1983,"SFA 22",133.067,149,2867,"dredge",NA,0.893,46.41,NA
1983,"SFA 23",1.241,NA,41,"dredge",NA,NA,30.26,NA
1983,"SFA 24",143.579,277,4439,"dredge",NA,0.518,32.34,NA
1984,"SFA 21A",12.967,NA,182,"dredge",NA,NA,71.24,NA
1984,"SFA 21B",3.873,NA,93,"dredge",NA,NA,41.65,NA
1984,"SFA 21C",26.966,NA,667,"dredge",NA,NA,40.43,NA
1984,"SFA 22",129.304,149,3261,"dredge",NA,0.868,39.65,NA
1984,"SFA 23",2.935,0,86,"dredge",NA,NA,34.12,NA
1984,"SFA 24",59.846,269,1710,"dredge",NA,0.222,35,NA
1985,"SFA 21A",20.178,29,246,"dredge",NA,0.696,82.02,NA
1985,"SFA 21B",7.467,26,97,"dredge",NA,0.287,76.98,NA
1985,"SFA 21C",17.27,61,780,"dredge",NA,0.283,22.14,NA
1985,"SFA 22",125.928,176,2957,"dredge",NA,0.715,42.59,NA
1985,"SFA 23",4.594,13,95,"dredge",NA,0.353,48.36,NA
1985,"SFA 24",40.698,154,1004,"dredge",NA,0.264,40.54,NA
1986,"SFA 21A",16.443,20,249,"dredge",NA,0.822,66.04,NA
1986,"SFA 21B",3.924,5,81,"dredge",NA,0.785,48.45,NA
1986,"SFA 21C",11.165,41,477,"dredge",NA,0.272,23.41,NA
1986,"SFA 22",77.095,158,2014,"dredge",NA,0.488,38.28,NA
1986,"SFA 23",2.274,13,73,"dredge",NA,0.175,31.14,NA
1986,"SFA 24",90.863,199,1931,"dredge",NA,0.457,47.05,NA
1987,"SFA 21A",18.239,22,291,"dredge",NA,0.829,62.68,NA
1987,"SFA 21B",1.398,5,18,"dredge",NA,0.28,77.69,NA
1987,"SFA 21C",5.085,19,229,"dredge",NA,0.268,22.2,NA
1987,"SFA 22",82.94,158,2216,"dredge",NA,0.525,37.43,NA
1987,"SFA 23",0.44,2,12,"dredge",NA,0.22,36.71,NA
1987,"SFA 24",58.513,195,939,"dredge",NA,0.3,62.31,NA
1988,"SFA 21A",19.118,23,208,"dredge",NA,0.831,91.91,NA
1988,"SFA 21B",0.535,2,4,"dredge",NA,0.267,133.7,NA
1988,"SFA 21C",3.082,15,87,"dredge",NA,0.205,35.42,NA
1988,"SFA 22",96.892,152,2049,"dredge",NA,0.637,47.29,NA
1988,"SFA 23",0.5,NA,NA,"dredge",NA,NA,NA,NA
1988,"SFA 24",42.062,130,763,"dredge",NA,0.324,55.13,NA
1989,"SFA 21A",25.544,25,265,"dredge",NA,1.022,96.39,NA
1989,"SFA 21B",9.334,15,74,"dredge",NA,0.622,126.13,NA
1989,"SFA 21C",34.943,38,835,"dredge",NA,0.92,41.85,NA
1989,"SFA 22",117.598,161,2115,"dredge",NA,0.73,55.6,NA
1989,"SFA 23",NA,NA,NA,"dredge",NA,NA,NA,NA
1989,"SFA 24",38.351,104,710,"dredge",NA,0.369,54.01,NA
1990,"SFA 21A",23.203,24,174,"dredge",NA,0.967,133.35,NA
1990,"SFA 21B",11.007,12,82,"dredge",NA,0.917,134.24,NA
1990,"SFA 21C",35.22,47,608,"dredge",NA,0.749,57.93,NA
1990,"SFA 22",81.317,144,1552,"dredge",NA,0.565,52.39,NA
1990,"SFA 23",0.177,2,15,"dredge",NA,0.089,11.82,NA
1990,"SFA 24",53.657,185,1044,"dredge",NA,0.29,51.4,NA
1991,"SFA 21A",12.094,17,79,"dredge",NA,0.711,153.08,NA
1991,"SFA 21B",8.184,10,57,"dredge",NA,0.818,143.58,NA
1991,"SFA 21C",21.948,40,669,"dredge",NA,0.549,32.81,NA
1991,"SFA 22",35.202,106,827,"dredge",NA,0.332,42.57,NA
1991,"SFA 23",0.285,4,16,"dredge",NA,0.071,17.83,NA
1991,"SFA 24",73.194,169,1279,"dredge",NA,0.433,57.23,NA
1992,"SFA 21A",18.526,17,125,"dredge",NA,1.09,148.21,NA
1992,"SFA 21B",6.297,12,46,"dredge",NA,0.525,136.89,NA
1992,"SFA 21C",17.351,40,480,"dredge",NA,0.434,36.15,NA
1992,"SFA 22",44.206,113,1048,"dredge",NA,0.391,42.18,NA
1992,"SFA 23",0.015,1,1,"dredge",NA,0.015,14.51,NA
1992,"SFA 24",75.029,185,1439,"dredge",NA,0.406,52.14,NA
1993,"SFA 21A",24.82,25,355.28,"dredge",NA,0.993,69.86,NA
1993,"SFA 21B",15.85,18,92.68,"dredge",NA,0.881,171.01,NA
1993,"SFA 21C",11.888,40,416.84,"dredge",NA,0.297,28.52,NA
1993,"SFA 22",66.384,149,1704,"dredge",NA,0.446,38.96,NA
1993,"SFA 23",0.07,2,6,"dredge",NA,0.035,11.64,NA
1993,"SFA 24",131.129,285,3343,"dredge",NA,0.46,39.22,NA
1994,"SFA 21A",24.592,22,320.31,"dredge",NA,1.118,76.78,NA
1994,"SFA 21B",22.187,22,186.47,"dredge",NA,1.008,118.98,NA
1994,"SFA 21C",34.137,43,542.29,"dredge",NA,0.794,62.95,NA
1994,"SFA 22",85.571,157,2250.36,"dredge",NA,0.545,38.03,NA
1994,"SFA 23",0.73,6,23,"dredge",NA,0.122,31.75,NA
1994,"SFA 24",140.61,320,3816.76,"dredge",NA,0.439,36.84,NA
1995,"SFA 21A",20.16,26,358.81,"dredge",NA,0.775,56.19,NA
1995,"SFA 21B",16.916,19,125.4,"dredge",NA,0.89,134.9,NA
1995,"SFA 21C",24.415,32,458.77,"dredge",NA,0.763,53.22,NA
1995,"SFA 22",104.552,170,2670.62,"dredge",NA,0.615,39.15,NA
1995,"SFA 23",0.725,5,36,"dredge",NA,0.145,20.15,NA
1995,"SFA 24",145.221,277,3419,"dredge",NA,0.524,42.47,NA
1996,"SFA 21A",24.917,30,404.72,"dredge",NA,0.831,61.57,NA
1996,"SFA 21B",21.523,25,162.09,"dredge",NA,0.861,132.79,NA
1996,"SFA 21C",29.163,38,472.32,"dredge",NA,0.767,61.74,NA
1996,"SFA 22",86.701,172,2590.98,"dredge",NA,0.504,33.46,NA
1996,"SFA 23",3.202,13,114,"dredge",NA,0.246,28.09,NA
1996,"SFA 24",162.37,279,4044.8,"dredge",NA,0.582,40.14,NA
1997,"SFA 21A",26.866,28,346.61,"dredge",NA,0.959,77.51,NA
1997,"SFA 21B",33.347,29,266.3,"dredge",NA,1.15,125.22,NA
1997,"SFA 21C",26.537,39,311.97,"dredge",NA,0.68,85.06,NA
1997,"SFA 22",110.752,184,2865.92,"dredge",NA,0.602,38.64,NA
1997,"SFA 23",8,18,290,"dredge",NA,0.444,27.58,NA
1997,"SFA 24",104.879,232,3138,"dredge",NA,0.452,33.42,NA
1998,"SFA 21A",21.018,31,759.99,"dredge",NA,0.678,27.66,NA
1998,"SFA 21B",35.879,33,583.99,"dredge",NA,1.087,61.44,NA
1998,"SFA 21C",39.627,42,972.33,"dredge",NA,0.943,40.75,NA
1998,"SFA 22",121.391,192,4121.24,"dredge",NA,0.632,29.45,NA
1998,"SFA 23",8.369,23,333,"dredge",NA,0.364,25.13,NA
1998,"SFA 24",63.922,231,2450,"dredge",NA,0.277,26.09,NA
1999,"SFA 21A",14.538,22,631.25,"dredge",NA,0.661,23.03,NA
1999,"SFA 21B",12.596,19,325.62,"dredge",NA,0.663,38.68,NA
1999,"SFA 21C",34.519,47,957.5,"dredge",NA,0.734,36.05,NA
1999,"SFA 22",63.735,175,2390.12,"dredge",NA,0.364,26.67,NA
1999,"SFA 23",1.868,15,106,"dredge",NA,0.125,17.62,NA
1999,"SFA 24",80.861,163,2304,"dredge",NA,0.496,35.1,NA
2000,"SFA 21A",10.406,22,464.6,"dredge",NA,0.473,22.4,NA
2000,"SFA 21B",13.043,14,303.2,"dredge",NA,0.932,43.02,NA
2000,"SFA 21C",23.74,44,591.8,"dredge",NA,0.54,40.12,NA
2000,"SFA 22",97.249,151,3157.2,"dredge",NA,0.644,30.8,NA
2000,"SFA 23",2.685,10,130,"dredge",NA,0.268,20.65,NA
2000,"SFA 24",86.979,206,2780,"dredge",NA,0.422,31.29,NA
2001,"SFA 21A",7.56,21,387,"dredge",NA,0.36,19.54,NA
2001,"SFA 21B",7.949,8,142,"dredge",NA,0.994,55.98,NA
2001,"SFA 21C",4.12,17,135,"dredge",NA,0.242,30.52,NA
2001,"SFA 22",95.367,151,2387,"dredge",NA,0.632,39.95,NA
2001,"SFA 23",0.794,4,45,"dredge",NA,0.199,17.65,NA
2001,"SFA 24",31.949,134,1138,"dredge",NA,0.238,28.07,NA
2002,"SFA 21A",10.096,24,481,"dredge",NA,0.421,20.99,NA
2002,"SFA 21B",10.909,11,195.6,"dredge",NA,0.992,55.77,NA
2002,"SFA 21C",2.317,11,100,"dredge",NA,0.211,23.17,NA
2002,"SFA 22",42.628,104,1246,"dredge",NA,0.41,34.21,NA
2002,"SFA 23",0.274,3,18,"dredge",NA,0.091,15.25,NA
2002,"SFA 24",29.043,101,973,"dredge",NA,0.288,29.85,NA
2003,"SFA 21A",12.596,27,442,"dredge",3440.55,0.467,28.5,3.66
2003,"SFA 21B",12.633,13,161,"dredge",2015.1,0.972,78.47,6.27
2003,"SFA 21C",3.045,15,131,"dredge",1165.55,0.203,23.24,2.61
2003,"SFA 22",57.474,102,1548,"dredge",12518.03,0.563,37.13,4.59
2003,"SFA 23",NA,NA,NA,"dredge",NA,NA,NA,NA
2003,"SFA 24",26.111,102,1113,"dredge",8128.25,0.256,23.46,3.21
2004,"SFA 21A",16.55,26,485,"dredge",3786.8,0.637,34.12,4.37
2004,"SFA 21B",9.289,11,145,"dredge",1979.57,0.844,64.06,4.69
2004,"SFA 21C",3.94,15,141,"dredge",1260.33,0.263,27.95,3.13
2004,"SFA 22",76.61,93,1621,"dredge",12818,0.824,47.26,5.98
2004,"SFA 23",0.659,2,22,"dredge",182.87,0.33,29.96,3.6
2004,"SFA 24",26.781,95,938,"dredge",6891.53,0.282,28.55,3.89
2005,"SFA 21A",12.663,26,446,"dredge",3197.18,0.487,28.39,3.96
2005,"SFA 21B",8.53,13,197,"dredge",2511.93,0.656,43.3,3.4
2005,"SFA 21C",2.42,13,89,"dredge",778.67,0.186,27.19,3.11
2005,"SFA 22",57.235,105,1589,"dredge",13084.48,0.545,36.02,4.37
2005,"SFA 23",1.445,4,42,"dredge",341.58,0.361,34.41,4.23
2005,"SFA 24",25.211,102,1197,"dredge",8625.9,0.247,21.06,2.92
2006,"SFA 21A",6.662,27,310,"dredge",2314.5,0.247,21.49,2.88
2006,"SFA 21B",2.047,7,54,"dredge",669.7,0.292,37.9,3.06
2006,"SFA 21C",1.284,8,42,"dredge",346.93,0.161,30.57,3.7
2006,"SFA 22",54.945,95,1579,"dredge",13060.55,0.578,34.8,4.21
2006,"SFA 23",1.055,2,19,"dredge",184.63,0.527,55.51,5.71
2006,"SFA 24",28.301,92,1209,"dredge",9026.7,0.308,23.41,3.14
2007,"SFA 21A",9.099,25,354,"dredge",2768.63,0.364,25.7,3.29
2007,"SFA 21B",4.961,5,60,"dredge",669,0.992,82.69,7.42
2007,"SFA 21C",0.761,8,34,"dredge",288.38,0.095,22.37,2.64
2007,"SFA 22",81.626,96,1734,"dredge",13268.67,0.85,47.07,6.15
2007,"SFA 23",0.16,1,5,"dredge",46.35,0.16,32.02,3.45
2007,"SFA 24",21.377,85,929,"dredge",6495.18,0.251,23.01,3.29
2008,"SFA 21A",5.392,20,188,"dredge",1486.78,0.27,28.68,3.63
2008,"SFA 21B",9.8,9,94,"dredge",1076.07,1.089,104.25,9.11
2008,"SFA 21C",0.171,4,13,"dredge",87.75,0.043,13.19,1.95
2008,"SFA 22",77.867,106,1615,"dredge",12216.17,0.735,48.22,6.37
2008,"SFA 23",0.953,1,14,"dredge",134,0.953,68.07,7.11
2008,"SFA 24",15.76,63,714,"dredge",5065.65,0.25,22.07,3.11
2009,"SFA 21A",1.741,12,110,"dredge",757.37,0.145,15.83,2.3
2009,"SFA 21B",10.639,11,149,"dredge",1855.3,0.967,71.41,5.73
2009,"SFA 21C",0.668,5,29,"dredge",239.42,0.134,23.04,2.79
2009,"SFA 22",80.674,110,1807,"dredge",13928.38,0.733,44.65,5.79
2009,"SFA 23",2.791,3,49,"dredge",420.45,0.93,56.96,6.64
2009,"SFA 24",20.753,70,841,"dredge",6107.87,0.296,24.68,3.4
2010,"SFA 21B",4.436,7,80,"dredge",797.52,0.634,55.45,5.56
2010,"SFA 21C",0.42,3,15,"dredge",116.08,0.14,27.97,3.61
2010,"SFA 22",55.921,109,1355,"dredge",10274.43,0.513,41.27,5.44
2010,"SFA 23",0.86,4,33,"dredge",217.61,0.215,26.07,3.95
2010,"SFA 24",26.575,77,937,"dredge",7052.71,0.345,28.36,3.77
2011,"SFA 21B",0.744,3,21,"dredge",287.17,0.248,35.42,2.59
2011,"SFA 21C",0.291,3,10,"dredge",85.33,0.097,29.08,3.41
2011,"SFA 22",88.404,97,1632,"dredge",12223.9,0.911,54.17,7.23
2011,"SFA 23",0.322,1,11,"dredge",85.08,0.322,29.28,3.79
2011,"SFA 24",30.582,77,1131,"dredge",8329.42,0.397,27.04,3.67
2012,"SFA 21B",0.2,1,7,"dredge",90,0.2,28.51,2.22
2012,"SFA 21C",0.128,2,8,"dredge",48.52,0.064,15.99,2.64
2012,"SFA 22",85.276,107,1773,"dredge",13308.66,0.797,48.1,6.41
2012,"SFA 23",0.792,2,25,"dredge",164.72,0.396,31.66,4.81
2012,"SFA 24",30.069,74,1107,"dredge",8406.67,0.406,27.16,3.58
2013,"SFA 21A",5.246,9,134,"dredge",1107.55,0.583,39.15,4.74
2013,"SFA 21B",0.118,1,5,"dredge",30.67,0.118,23.59,3.85
2013,"SFA 21C",0.028,1,2,"dredge",11.5,0.028,14.06,2.45
2013,"SFA 22",90.816,104,1734,"dredge",12432.28,0.873,52.37,7.3
2013,"SFA 23",2.723,2,34,"dredge",325.65,1.361,80.09,8.36
2013,"SFA 24",24.676,74,955,"dredge",7155.7,0.333,25.84,3.45
2014,"SFA 21A",2.985,13,127,"dredge",1067.23,0.23,23.5,2.8
2014,"SFA 21B",0.144,1,6,"dredge",42.67,0.144,24.04,3.38
2014,"SFA 21C",0.091,1,4,"dredge",30.33,0.091,22.68,2.99
2014,"SFA 22",70.652,94,1518,"dredge",10945.34,0.752,46.54,6.46
2014,"SFA 23",11.348,8,132,"dredge",890.82,1.419,85.97,12.74
2014,"SFA 24",18.155,70,844,"dredge",6105.42,0.259,21.51,2.97
2015,"SFA 21A",0.233,1,17,"dredge",106.5,0.233,13.69,2.18
2015,"SFA 21B",0.043,1,2,"dredge",16.5,0.043,21.32,2.58
2015,"SFA 21C",0.114,3,5,"dredge",37.67,0.038,22.86,3.03
2015,"SFA 22",50.124,86,1225,"dredge",8899.01,0.583,40.92,5.63
2015,"SFA 23",4.313,6,66,"dredge",462.25,0.719,65.34,9.33
2015,"SFA 24",17.043,57,679,"dredge",5147.53,0.299,25.1,3.31
2016,"SFA 21B",6.74,5,55,"dredge",522.18,1.348,122.55,12.91
2016,"SFA 21C",0.103,1,3,"dredge",25.75,0.103,34.47,4.02
2016,"SFA 22",34.191,87,1006,"dredge",7225.95,0.393,33.99,4.73
2016,"SFA 23",1.805,4,54,"dredge",466.9,0.451,33.42,3.87
2016,"SFA 24",24.366,58,710,"dredge",5878.5,0.42,34.32,4.14
2017,"SFA 21B",6.309,3,48,"dredge",475.35,2.103,131.44,13.27
2017,"SFA 21C",0.381,2,11,"dredge",83,0.191,34.68,4.6
2017,"SFA 22",51.14,73,1098,"dredge",7825.32,0.701,46.58,6.54
2017,"SFA 23",1.034,4,26,"dredge",229.83,0.259,39.78,4.5
2017,"SFA 24",24.031,61,757,"dredge",5834.95,0.394,31.75,4.12
2018,"SFA 21A",0.092,1,1,"dredge",12,0.092,92.08,7.67
2018,"SFA 21B",4.784,4,36,"dredge",405.57,1.196,132.89,11.8
2018,"SFA 21C",1.208,6,26,"dredge",192.45,0.201,46.46,6.28
2018,"SFA 22",62.387,82,1188,"dredge",8090.02,0.761,52.51,7.71
2018,"SFA 23",0.44,2,8,"dredge",54.5,0.22,54.98,8.07
2018,"SFA 24",21.05,55,585,"dredge",4702.65,0.383,35.98,4.48
2019,"SFA 21B",1.871,1,11,"dredge",106,1.871,170.06,17.65
2019,"SFA 21C",2.08,6,42,"dredge",327.05,0.347,49.53,6.36
2019,"SFA 22",41.476,69,956,"dredge",6509.3,0.601,43.39,6.37
2019,"SFA 23",0.295,1,8,"dredge",66,0.295,36.86,4.47
2019,"SFA 24",19.462,52,608,"dredge",4272.26,0.374,32.01,4.56
2020,"SFA 21B",4.266,4,51,"dredge",525.58,1.066,83.64,8.12
2020,"SFA 21C",1.225,5,35,"dredge",218.05,0.245,35,5.62
2020,"SFA 22",36.47,57,796,"dredge",5408.72,0.64,45.82,6.74
2020,"SFA 24",27.581,55,820,"dredge",6284.13,0.501,33.64,4.39
2021,"SFA 21B",2.119,4,46,"dredge",466.08,0.53,46.06,4.55
2021,"SFA 21C",0.511,3,13,"dredge",110.08,0.17,39.32,4.64
2021,"SFA 22",34.172,52,748,"dredge",5084.45,0.657,45.68,6.72
2021,"SFA 23",0.104,1,6,"dredge",38.5,0.104,17.39,2.71
2021,"SFA 24",29.699,56,724,"dredge",5234.41,0.53,41.02,5.67
